0;0;0.368390646139096
0.00100000000000000;0;0.198223922752898
0.00200000000000000;0;0.0237424295859223
0.00300000000000000;0;0.111187865378589
0.00400000000000000;0;-0.220256602997535
0.00500000000000000;0;0.536367347532906
0.00600000000000000;0;0.0186763416524930
0.00700000000000000;0;0.568283995529707
0.00800000000000000;0;0.0835058009432246
0.00900000000000000;0;0.275647296779190
0.0100000000000000;0;-0.457319595162410
0.0110000000000000;0;-0.221727950873730
0.0120000000000000;0;0.394014142442974
0.0130000000000000;0;-0.202062267669289
0.0140000000000000;0;0.182574169891479
0.0150000000000000;0;-0.113851364238649
0.0160000000000000;0;-0.0428729887239782
0.0170000000000000;0;-0.426698293252759
0.0180000000000000;0;-0.401751532538024
0.0190000000000000;0;0.311348457893741
0.0200000000000000;0;-0.0141924962485636
0.0210000000000000;0;-0.252648439678306
0.0220000000000000;0;-0.241968767773154
0.0230000000000000;0;0.272504501479579
0.0240000000000000;0;-0.0177799454700576
0.0250000000000000;0;0.162376055759431
0.0260000000000000;0;0.125441504056510
0.0270000000000000;0;0.239137435592933
0.0280000000000000;0;0.126644800434688
0.0290000000000000;0;-0.424181829215829
0.0300000000000000;0;0.118598385088087
0.0310000000000000;0;0.355807408074064
0.0320000000000000;0;0.230416702793615
0.0330000000000000;0;-0.751817060124582
0.0340000000000000;0;-0.0865776017053868
0.0350000000000000;0;-0.102122569840152
0.0360000000000000;0;0.100556608186584
0.0370000000000000;0;-0.161646845316386
0.0380000000000000;0;-0.000645530079520045
0.0390000000000000;0;0.508023372316300
0.0400000000000000;0;0.268050034055451
0.0410000000000000;0;0.0847809208149356
0.0420000000000000;0;-0.292032890538431
0.0430000000000000;0;-0.0222938639028111
0.0440000000000000;0;0.0467673515446055
0.0450000000000000;0;-0.176168477948144
0.0460000000000000;0;-0.106475691000810
0.0470000000000000;0;0.131306452925783
0.0480000000000000;0;0.492623894715261
0.0490000000000000;0;-0.772955179949445
0.0500000000000000;0;-0.347279874133775
0.0510000000000000;0;0.355012424141496
0.0520000000000000;0;0.183939337576797
0.0530000000000000;0;-0.0858097626728656
0.0540000000000000;0;0.130978791788780
0.0550000000000000;0;-0.309212008729599
0.0560000000000000;0;-0.323015966223460
0.0570000000000000;0;0.100461760159014
0.0580000000000000;0;0.479435382049692
0.0590000000000000;0;0.236991350262504
0.0600000000000000;0;-0.160548959082424
0.0610000000000000;0;0.279956266757540
0.0620000000000000;0;-0.0784540701033906
0.0630000000000000;0;-0.229660098760402
0.0640000000000000;0;-0.140734100171477
0.0650000000000000;0;-0.193819514351501
0.0660000000000000;0;-0.0661371666466828
0.0670000000000000;0;0.177766753859440
0.0680000000000000;0;-0.336441958048805
0.0690000000000000;0;0.111182187702359
0.0700000000000000;0;0.358286035498968
0.0710000000000000;0;0.0474323459628596
0.0720000000000000;0;0.222353673146471
0.0730000000000000;0;-0.0165739984375369
0.0740000000000000;0;0.638304520008624
0.0750000000000000;0;0.292244864052819
0.0760000000000000;0;-0.573673439780948
0.0770000000000000;0;0.0110595349439696
0.0780000000000000;0;-0.571696180601987
0.0790000000000000;0;0.325143031871221
0.0800000000000000;0;0.124783574125152
0.0810000000000000;0;0.202197817776213
0.0820000000000000;0;0.276450390765832
0.0830000000000000;0;0.554158084346158
0.0840000000000000;0;-0.101208957854478
0.0850000000000000;0;-0.0434540615695174
0.0860000000000000;0;0.194723453870881
0.0870000000000000;0;0.309237257108260
0.0880000000000000;0;-0.352703915362623
0.0890000000000000;0;-0.173932054016787
0.0900000000000000;0;0.0126126979133366
0.0910000000000000;0;-0.785143741654975
0.0920000000000000;0;0.366398789025441
0.0930000000000000;0;-0.324538063061362
0.0940000000000000;0;0.364764613419969
0.0950000000000000;0;-0.248699417804554
0.0960000000000000;0;0.200744101619506
0.0970000000000000;0;0.259436346107691
0.0980000000000000;0;-0.0556644701611141
0.0990000000000000;0;0.177869856822235
0.100000000000000;0;-0.0403009757810785
0.101000000000000;0;0.175244434718236
0.102000000000000;0;-0.347010742618728
0.103000000000000;0;-0.231257808030640
0.104000000000000;0;0.444215236792969
0.105000000000000;0;-0.196128953914429
0.106000000000000;0;0.0749930241723655
0.107000000000000;0;-0.501805078668057
0.108000000000000;0;-0.126960644492862
0.109000000000000;0;-0.243714294488265
0.110000000000000;0;-0.0830668696095855
0.111000000000000;0;0.308793106930394
0.112000000000000;0;0.309212266033975
0.113000000000000;0;0.369993161891659
0.114000000000000;0;0.0503785181238431
0.115000000000000;0;0.157962362937457
0.116000000000000;0;-0.333738900904462
0.117000000000000;0;-0.142537516073521
0.118000000000000;0;0.401728873517813
0.119000000000000;0;0.284191869753519
0.120000000000000;0;0.138730733036729
0.121000000000000;0;-0.394444906629603
0.122000000000000;0;0.102668693842278
0.123000000000000;0;0.123351094372178
0.124000000000000;0;-0.128115984841139
0.125000000000000;0;0.0924380806168315
0.126000000000000;0;0.811412063666535
0.127000000000000;0;-0.144774018216980
0.128000000000000;0;-0.509388228168234
0.129000000000000;0;-0.844177542040619
0.130000000000000;0;-0.240237174010003
0.131000000000000;0;-0.213365469114439
0.132000000000000;0;-0.370520023997881
0.133000000000000;0;0.642868917477334
0.134000000000000;0;0.306260598227448
0.135000000000000;0;0.211964940780545
0.136000000000000;0;0.132861844152364
0.137000000000000;0;-0.908443716329311
0.138000000000000;0;0.533120194232793
0.139000000000000;0;0.00883051917791039
0.140000000000000;0;-0.285247115580666
0.141000000000000;0;-0.649297029602667
0.142000000000000;0;0.0281715608966230
0.143000000000000;0;0.659998695857283
0.144000000000000;0;0.115460595035553
0.145000000000000;0;0.267562060354128
0.146000000000000;0;-0.0583559310429741
0.147000000000000;0;0.325940519661599
0.148000000000000;0;-0.483076698694460
0.149000000000000;0;0.305140491413311
0.150000000000000;0;0.166387192998576
0.151000000000000;0;-0.0583295134766840
0.152000000000000;0;0.0628606497187484
0.153000000000000;0;0.502937126609466
0.154000000000000;0;0.0101798903696013
0.155000000000000;0;0.281178241433998
0.156000000000000;0;-0.410828089601606
0.157000000000000;0;0.373962450942441
0.158000000000000;0;0.574735017454273
0.159000000000000;0;-0.184772557204471
0.160000000000000;0;-0.319603123180057
0.161000000000000;0;-0.303736235624748
0.162000000000000;0;0.218563851335334
0.163000000000000;0;-0.239896140863690
0.164000000000000;0;-0.0306651544159922
0.165000000000000;0;-0.444916353405388
0.166000000000000;0;0.325971520214221
0.167000000000000;0;-0.240293385233717
0.168000000000000;0;0.276423299604062
0.169000000000000;0;0.240689489302971
0.170000000000000;0;-0.0524696034556432
0.171000000000000;0;0.0951552866956427
0.172000000000000;0;-0.101973122544273
0.173000000000000;0;-0.116501877578609
0.174000000000000;0;0.362996359171302
0.175000000000000;0;0.0131013986733168
0.176000000000000;0;-0.347233788950061
0.177000000000000;0;0.495441550035071
0.178000000000000;0;-0.331540604893153
0.179000000000000;0;0.133676966448448
0.180000000000000;0;-0.267027272411811
0.181000000000000;0;-0.0985459816274577
0.182000000000000;0;0.125798720639101
0.183000000000000;0;0.331971469493506
0.184000000000000;0;-0.107769019438479
0.185000000000000;0;0.106346448849533
0.186000000000000;0;-0.0700004256655702
0.187000000000000;0;0.00526503225667962
0.188000000000000;0;-0.377057731142179
0.189000000000000;0;-0.0416302142950413
0.190000000000000;0;0.470396487123183
0.191000000000000;0;-0.264626108331847
0.192000000000000;0;-0.411406600745516
0.193000000000000;0;0.497784199938981
0.194000000000000;0;0.368734212882759
0.195000000000000;0;0.248690905549546
0.196000000000000;0;-0.462210758111157
0.197000000000000;0;0.491565284581503
0.198000000000000;0;-0.188957279555202
0.199000000000000;0;-0.382815174151373
0.200000000000000;0;-0.222203384374492
0.201000000000000;0;0.112712869265616
0.202000000000000;0;0.206381519665718
0.203000000000000;0;0.0682012093099795
0.204000000000000;0;-0.0834513012827600
0.205000000000000;0;0.569981648907474
0.206000000000000;0;-0.203329448241574
0.207000000000000;0;0.0346443487199243
0.208000000000000;0;-0.227379684436167
0.209000000000000;0;0.133014117813606
0.210000000000000;0;-0.610678091440231
0.211000000000000;0;0.208805125755231
0.212000000000000;0;-0.348644146896559
0.213000000000000;0;-0.0325621769013680
0.214000000000000;0;-0.335138672451742
0.215000000000000;0;-0.391668939134656
0.216000000000000;0;-0.597428897828048
0.217000000000000;0;-0.307874468644965
0.218000000000000;0;0.0670769177966783
0.219000000000000;0;0.156040058437297
0.220000000000000;0;0.489260196838612
0.221000000000000;0;0.203945642227523
0.222000000000000;0;-0.679370765565133
0.223000000000000;0;-0.325349205857347
0.224000000000000;0;-0.0447721960991969
0.225000000000000;0;-0.799014632611163
0.226000000000000;0;-0.0989734382614474
0.227000000000000;0;-0.187718373376393
0.228000000000000;0;0.105089494797864
0.229000000000000;0;0.176724109439427
0.230000000000000;0;0.284568172137742
0.231000000000000;0;-0.0635297962974656
0.232000000000000;0;-0.0739134888825032
0.233000000000000;0;0.458500725636865
0.234000000000000;0;0.580635928700801
0.235000000000000;0;-0.121089385661514
0.236000000000000;0;0.0490414698465714
0.237000000000000;0;-0.305048560791316
0.238000000000000;0;0.0122558596855659
0.239000000000000;0;0.242059195723298
0.240000000000000;0;-0.188004998842452
0.241000000000000;0;0.0411873937673022
0.242000000000000;0;0.0110722425085020
0.243000000000000;0;-0.197539307362919
0.244000000000000;0;-0.170691918532822
0.245000000000000;0;0.594494637914739
0.246000000000000;0;-0.317445070281505
0.247000000000000;0;-0.157306198611369
0.248000000000000;0;-0.475732150784818
0.249000000000000;0;-0.0301837185705305
0.250000000000000;0;0.125456109918624
0.251000000000000;0;-0.166688369755016
0.252000000000000;0;0.108962935142286
0.253000000000000;0;-0.228724547349617
0.254000000000000;0;0.401037954119879
0.255000000000000;0;-0.00987979603731431
0.256000000000000;0;0.246092159132482
0.257000000000000;0;0.689529442788259
0.258000000000000;0;0.138448842444251
0.259000000000000;0;0.421635645845298
0.260000000000000;0;0.0793978790266920
0.261000000000000;0;-0.0981795217063856
0.262000000000000;0;-0.291879405605252
0.263000000000000;0;-0.121676771418695
0.264000000000000;0;0.366248854577017
0.265000000000000;0;0.272746507771289
0.266000000000000;0;-0.327202648255879
0.267000000000000;0;-0.0609285154575525
0.268000000000000;0;-0.411008431121087
0.269000000000000;0;0.0969541415956936
0.270000000000000;0;0.306422231154078
0.271000000000000;0;-0.236322425500864
0.272000000000000;0;-0.884180557007226
0.273000000000000;0;0.220325862704410
0.274000000000000;0;1.01411320835555
0.275000000000000;0;0.169500310330524
0.276000000000000;0;0.0943783461772977
0.277000000000000;0;0.0898223342538751
0.278000000000000;0;0.303472520277522
0.279000000000000;0;0.660154906190359
0.280000000000000;0;0.482146318431314
0.281000000000000;0;-0.0617468834226066
0.282000000000000;0;0.00545819110646310
0.283000000000000;0;0.0778996865786437
0.284000000000000;0;-0.270211794445764
0.285000000000000;0;0.366123037312004
0.286000000000000;0;0.0511997176242631
0.287000000000000;0;0.492386792942943
0.288000000000000;0;-0.0612039409430846
0.289000000000000;0;0.522187281417441
0.290000000000000;0;-0.600446382306210
0.291000000000000;0;0.576332934367663
0.292000000000000;0;-0.480165025772741
0.293000000000000;0;-0.332377710546571
0.294000000000000;0;0.0157894147190653
0.295000000000000;0;-0.460031985126387
0.296000000000000;0;0.147534751812121
0.297000000000000;0;0.172482273875918
0.298000000000000;0;0.417521550911105
0.299000000000000;0;-0.127912337670838
0.300000000000000;0;0.132331361772820
0.301000000000000;0;0.0782185425230140
0.302000000000000;0;0.222659232070942
0.303000000000000;0;0.199836611851467
0.304000000000000;0;-0.313812453984979
0.305000000000000;0;0.558682240667333
0.306000000000000;0;-0.120831778906029
0.307000000000000;0;-0.288218024467472
0.308000000000000;0;-0.314991310429449
0.309000000000000;0;0.377937284001963
0.310000000000000;0;-0.0504218160384249
0.311000000000000;0;0.855088116489044
0.312000000000000;0;-0.0627711849802992
0.313000000000000;0;-0.0447160651980472
0.314000000000000;0;0.130054337649617
0.315000000000000;0;-0.372851401229488
0.316000000000000;0;-0.0878403277076865
0.317000000000000;0;-0.499972989000010
0.318000000000000;0;0.331729994174073
0.319000000000000;0;0.0957186777062698
0.320000000000000;0;-0.387854095327288
0.321000000000000;0;0.0220094825873171
0.322000000000000;0;-0.125389435370493
0.323000000000000;0;0.439179259624718
0.324000000000000;0;0.431468212825240
0.325000000000000;0;0.208126138189150
0.326000000000000;0;0.155367023938033
0.327000000000000;0;0.253214229469162
0.328000000000000;0;-0.242631760753017
0.329000000000000;0;0.115239565657498
0.330000000000000;0;-0.125831409360122
0.331000000000000;0;0.273309199662030
0.332000000000000;0;-0.0561677680976334
0.333000000000000;0;0.592731164653519
0.334000000000000;0;0.0545177410771494
0.335000000000000;0;0.402160604175491
0.336000000000000;0;-0.0111768705325763
0.337000000000000;0;-0.474761863998336
0.338000000000000;0;0.115541217583069
0.339000000000000;0;-0.0628217624604293
0.340000000000000;0;-0.439468589606237
0.341000000000000;0;0.0725198217461725
0.342000000000000;0;0.0857578828017241
0.343000000000000;0;-0.115853274017302
0.344000000000000;0;0.435433108520008
0.345000000000000;0;-0.252202001933104
0.346000000000000;0;-0.296223391000602
0.347000000000000;0;-0.000769529355219092
0.348000000000000;0;0.125253443274228
0.349000000000000;0;-0.160862905456704
0.350000000000000;0;-0.0848394124669978
0.351000000000000;0;-0.342202858165007
0.352000000000000;0;0.636925006826870
0.353000000000000;0;0.614756619908077
0.354000000000000;0;-0.481149848260624
0.355000000000000;0;0.613266333542848
0.356000000000000;0;-0.283289595958374
0.357000000000000;0;-0.0961830729079208
0.358000000000000;0;0.175586454716414
0.359000000000000;0;-0.102535857235332
0.360000000000000;0;0.423370276433954
0.361000000000000;0;0.386524728321070
0.362000000000000;0;-0.504692609028386
0.363000000000000;0;-0.337645973942583
0.364000000000000;0;-0.240307554858770
0.365000000000000;0;0.133128349155220
0.366000000000000;0;-0.137044594086076
0.367000000000000;0;0.223336489118647
0.368000000000000;0;0.0720546807716550
0.369000000000000;0;-0.321601061180229
0.370000000000000;0;0.0442277331700946
0.371000000000000;0;-0.236566462097467
0.372000000000000;0;-0.198899337986605
0.373000000000000;0;0.441084181740346
0.374000000000000;0;-0.521045688303572
0.375000000000000;0;-0.637194471961363
0.376000000000000;0;0.155494530723806
0.377000000000000;0;-0.491726357453387
0.378000000000000;0;-0.0444644954660766
0.379000000000000;0;0.0774579891830950
0.380000000000000;0;-0.0845778039473998
0.381000000000000;0;-0.180327454190085
0.382000000000000;0;-0.0592189576668598
0.383000000000000;0;0.382179168891353
0.384000000000000;0;-0.202023582067034
0.385000000000000;0;0.191488655832908
0.386000000000000;0;-0.197478087378088
0.387000000000000;0;0.180954420586707
0.388000000000000;0;-0.229078712814121
0.389000000000000;0;0.377005321369349
0.390000000000000;0;0.0590545034741295
0.391000000000000;0;0.504363959671637
0.392000000000000;0;0.101606212426842
0.393000000000000;0;0.274119108546455
0.394000000000000;0;0.408516808114229
0.395000000000000;0;0.137341720154111
0.396000000000000;0;-0.122129354483979
0.397000000000000;0;-0.0355957862997171
0.398000000000000;0;-0.304948895347129
0.399000000000000;0;-0.650559948888675
0.400000000000000;0;0.0474329215980742
0.401000000000000;0;0.171407330114748
0.402000000000000;0;0.0804511316906518
0.403000000000000;0;-0.0971580382361571
0.404000000000000;0;-0.131902342047831
0.405000000000000;0;0.359489252703182
0.406000000000000;0;0.123744291661093
0.407000000000000;0;0.507592308826364
0.408000000000000;0;0.261170079325951
0.409000000000000;0;0.464978257362073
0.410000000000000;0;-0.436048646109866
0.411000000000000;0;-0.0822736321629121
0.412000000000000;0;0.314573316977806
0.413000000000000;0;0.579972374015498
0.414000000000000;0;-0.542618486778794
0.415000000000000;0;0.0274902191447773
0.416000000000000;0;0.618438531645720
0.417000000000000;0;0.0510561648804567
0.418000000000000;0;-0.198808715327005
0.419000000000000;0;-0.454996246364345
0.420000000000000;0;-0.0210594943721711
0.421000000000000;0;0.118073396118602
0.422000000000000;0;0.0687207454688454
0.423000000000000;0;-0.0567492299399266
0.424000000000000;0;0.00811848603078865
0.425000000000000;0;0.203039211281306
0.426000000000000;0;0.291905628973090
0.427000000000000;0;-0.491768257199930
0.428000000000000;0;0.209846858530936
0.429000000000000;0;-0.192740700390945
0.430000000000000;0;0.178744393773293
0.431000000000000;0;-0.193146052273842
0.432000000000000;0;0.389311628766512
0.433000000000000;0;0.314425187152751
0.434000000000000;0;-0.254081013746856
0.435000000000000;0;-0.186955271462802
0.436000000000000;0;0.534913941650934
0.437000000000000;0;0.301477485464971
0.438000000000000;0;-0.610336961143299
0.439000000000000;0;0.162175824641742
0.440000000000000;0;0.124493321232241
0.441000000000000;0;-0.286320999528565
0.442000000000000;0;-0.403023837169405
0.443000000000000;0;0.109587500093611
0.444000000000000;0;-0.377966633129657
0.445000000000000;0;0.210987621587655
0.446000000000000;0;-0.0214382738911412
0.447000000000000;0;-0.548863917602557
0.448000000000000;0;0.254989807975904
0.449000000000000;0;-0.289285393657308
0.450000000000000;0;-0.162545043646618
0.451000000000000;0;0.599650258012062
0.452000000000000;0;-0.0800783548016454
0.453000000000000;0;-0.0551914213885534
0.454000000000000;0;0.309520075835612
0.455000000000000;0;0.407792678213499
0.456000000000000;0;-0.167782561071574
0.457000000000000;0;-0.219136827600841
0.458000000000000;0;-0.271894604769203
0.459000000000000;0;0.167296524846167
0.460000000000000;0;-0.0720531236708351
0.461000000000000;0;0.119145239523585
0.462000000000000;0;0.386289982403634
0.463000000000000;0;0.347309089338057
0.464000000000000;0;-0.269746817585874
0.465000000000000;0;-0.285934506169249
0.466000000000000;0;0.220938978454828
0.467000000000000;0;0.152610795203743
0.468000000000000;0;0.256680806110161
0.469000000000000;0;0.103685597264587
0.470000000000000;0;-0.501827114400837
0.471000000000000;0;-0.291177165882192
0.472000000000000;0;-0.194250417943618
0.473000000000000;0;-0.105832437976322
0.474000000000000;0;0.0254072011599355
0.475000000000000;0;-0.0150382361717989
0.476000000000000;0;-0.194396472421571
0.477000000000000;0;0.0760091288538128
0.478000000000000;0;0.0395337884174754
0.479000000000000;0;-0.0707099805251556
0.480000000000000;0;-0.123657540843596
0.481000000000000;0;-0.437041116577612
0.482000000000000;0;0.340353300564459
0.483000000000000;0;0.401440289696681
0.484000000000000;0;0.154087782604738
0.485000000000000;0;-0.302431877669414
0.486000000000000;0;0.142874067945701
0.487000000000000;0;-0.396479299480861
0.488000000000000;0;0.0810917506832928
0.489000000000000;0;0.133204283289527
0.490000000000000;0;0.329623107983892
0.491000000000000;0;0.382357445022010
0.492000000000000;0;0.246959509549615
0.493000000000000;0;-0.373117063628115
0.494000000000000;0;0.316686314874252
0.495000000000000;0;-0.324103336777835
0.496000000000000;0;-0.334203909789633
0.497000000000000;0;0.913178349015570
0.498000000000000;0;-0.0846681862311502
0.499000000000000;0;-0.154489926597996
0.500000000000000;0;0.132632327625529
0.501000000000000;0;-0.234876693589852
0.502000000000000;0;0.181170559585955
0.503000000000000;0;-0.0454357469964702
0.504000000000000;0;-0.0495983793569816
0.505000000000000;0;-0.193445741759799
0.506000000000000;0;0.0317499278152881
0.507000000000000;0;-0.351931617421547
0.508000000000000;0;0.302684409402517
0.509000000000000;0;-0.182743454337535
0.510000000000000;0;-0.160054819418220
0.511000000000000;0;-0.310895238809854
0.512000000000000;0;-0.138261753008278
0.513000000000000;0;0.518843905381190
0.514000000000000;0;0.167716632925561
0.515000000000000;0;-0.671154902318452
0.516000000000000;0;-0.268913073506899
0.517000000000000;0;-0.134110681632445
0.518000000000000;0;-0.325586988546398
0.519000000000000;0;-0.110374868552854
0.520000000000000;0;-0.212904451240469
0.521000000000000;0;0.313017906933628
0.522000000000000;0;-0.182556084942602
0.523000000000000;0;-0.404301502916416
0.524000000000000;0;0.0889824826627350
0.525000000000000;0;-0.426999810883940
0.526000000000000;0;0.0293651401084048
0.527000000000000;0;0.439619075596465
0.528000000000000;0;0.0484686253085774
0.529000000000000;0;0.253419075211647
0.530000000000000;0;0.0640929411300804
0.531000000000000;0;-0.133285758037131
0.532000000000000;0;0.385447294649834
0.533000000000000;0;-0.553870748704397
0.534000000000000;0;0.931463742707361
0.535000000000000;0;0.0588518767474631
0.536000000000000;0;0.210978942300148
0.537000000000000;0;-0.135970349249313
0.538000000000000;0;-0.362581615076990
0.539000000000000;0;-0.592391455211148
0.540000000000000;0;0.445272386783948
0.541000000000000;0;-0.466885554624861
0.542000000000000;0;-0.255947105521852
0.543000000000000;0;-0.0622628036129122
0.544000000000000;0;-0.356610118180243
0.545000000000000;0;0.0568971911267777
0.546000000000000;0;0.00947528809607252
0.547000000000000;0;-0.224869077728400
0.548000000000000;0;0.144484788570416
0.549000000000000;0;-0.340653711151982
0.550000000000000;0;-0.216183144024317
0.551000000000000;0;0.257180817099161
0.552000000000000;0;0.0433269353634309
0.553000000000000;0;0.127689000018908
0.554000000000000;0;0.407529929276540
0.555000000000000;0;0.142411108433963
0.556000000000000;0;-0.0378338378476743
0.557000000000000;0;0.0948306933232181
0.558000000000000;0;0.203367489344770
0.559000000000000;0;-0.561610457632856
0.560000000000000;0;-0.0636703858879653
0.561000000000000;0;-0.390982217862566
0.562000000000000;0;0.182206286509869
0.563000000000000;0;0.295212549969007
0.564000000000000;0;0.357776998421010
0.565000000000000;0;-0.286620642812044
0.566000000000000;0;-0.162977413128796
0.567000000000000;0;0.373628098643363
0.568000000000000;0;0.0634137000144582
0.569000000000000;0;-0.115211414834913
0.570000000000000;0;-0.0566353316052187
0.571000000000000;0;0.0534189882553006
0.572000000000000;0;0.251891887507203
0.573000000000000;0;-0.146891690746246
0.574000000000000;0;-0.257551490815739
0.575000000000000;0;0.0213047951681024
0.576000000000000;0;0.0582332010215459
0.577000000000000;0;-0.0177133003872574
0.578000000000000;0;0.213240689138757
0.579000000000000;0;0.808766676538690
0.580000000000000;0;0.372253691188157
0.581000000000000;0;-0.410634092898125
0.582000000000000;0;-0.129689663350909
0.583000000000000;0;-0.584162573139635
0.584000000000000;0;-0.284308356681469
0.585000000000000;0;0.371028818957147
0.586000000000000;0;0.509743458687788
0.587000000000000;0;0.733082236635676
0.588000000000000;0;-0.257620249932656
0.589000000000000;0;0.269763952166581
0.590000000000000;0;-0.181516412147307
0.591000000000000;0;0.431006459800539
0.592000000000000;0;0.363207778510260
0.593000000000000;0;-0.119788194013649
0.594000000000000;0;-0.752772470483639
0.595000000000000;0;-0.0258136710541911
0.596000000000000;0;-0.386910505347129
0.597000000000000;0;-0.342803697028754
0.598000000000000;0;-0.139346598993789
0.599000000000000;0;-0.481407187063403
0.600000000000000;0;0.525669256363937
0.601000000000000;0;-0.0809822343394689
0.602000000000000;0;-0.255277252655036
0.603000000000000;0;-0.0244758753945610
0.604000000000000;0;-0.504585909640486
0.605000000000000;0;0.368944580086175
0.606000000000000;0;-0.208530176721668
0.607000000000000;0;0.121912839736651
0.608000000000000;0;-0.0593195056675903
0.609000000000000;0;-0.505472668645710
0.610000000000000;0;-0.303724442088321
0.611000000000000;0;0.0412003044430364
0.612000000000000;0;0.282521042008888
0.613000000000000;0;0.110154235254867
0.614000000000000;0;0.240469919101338
0.615000000000000;0;-0.289652750471490
0.616000000000000;0;0.471308663695306
0.617000000000000;0;0.679458265296571
0.618000000000000;0;0.357290997099363
0.619000000000000;0;-0.453621963573822
0.620000000000000;0;0.135328689114591
0.621000000000000;0;0.113003410025354
0.622000000000000;0;-0.162462211299355
0.623000000000000;0;-0.0274172210982129
0.624000000000000;0;-0.211455903515185
0.625000000000000;0;0.0676611316458756
0.626000000000000;0;0.0316374135404585
0.627000000000000;0;0.228119028837129
0.628000000000000;0;0.0289170229599910
0.629000000000000;0;-0.000758932416217821
0.630000000000000;0;0.0828020458996983
0.631000000000000;0;-0.139274340914043
0.632000000000000;0;-0.574352995829060
0.633000000000000;0;0.167195780966612
0.634000000000000;0;-0.111286833008525
0.635000000000000;0;0.0457124128851193
0.636000000000000;0;0.256361189458494
0.637000000000000;0;-0.195154190868705
0.638000000000000;0;-0.376880442075961
0.639000000000000;0;-0.658397822674158
0.640000000000000;0;-0.307672660452323
0.641000000000000;0;0.363863586610462
0.642000000000000;0;0.0135666882515627
0.643000000000000;0;0.210012811593787
0.644000000000000;0;0.499004069070425
0.645000000000000;0;-0.168905855327320
0.646000000000000;0;0.217622339603524
0.647000000000000;0;0.544729748187478
0.648000000000000;0;-0.402614190877370
0.649000000000000;0;-0.356124249338546
0.650000000000000;0;-0.0983179736366959
0.651000000000000;0;0.0561422353885855
0.652000000000000;0;-0.308858237289499
0.653000000000000;0;-0.242205841137418
0.654000000000000;0;-0.750329241280506
0.655000000000000;0;-0.543655504833364
0.656000000000000;0;0.0286707695800903
0.657000000000000;0;0.524997702750465
0.658000000000000;0;-0.206567362935948
0.659000000000000;0;0.648356762995248
0.660000000000000;0;-0.109140945501456
0.661000000000000;0;-0.321024400987131
0.662000000000000;0;0.254606238823758
0.663000000000000;0;-0.407160673759471
0.664000000000000;0;0.678401587232008
0.665000000000000;0;-0.248395782109398
0.666000000000000;0;-0.0768061587673592
0.667000000000000;0;-0.00645278701119158
0.668000000000000;0;-0.455567441713974
0.669000000000000;0;0.246847091984545
0.670000000000000;0;-0.0871425420208949
0.671000000000000;0;0.680009506517200
0.672000000000000;0;-0.367300984227856
0.673000000000000;0;-0.000400442505935783
0.674000000000000;0;-0.361210824853052
0.675000000000000;0;-0.235367023533305
0.676000000000000;0;-0.0633730979788030
0.677000000000000;0;-0.0875765435986391
0.678000000000000;0;-0.308401992961679
0.679000000000000;0;0.125581122960498
0.680000000000000;0;0.847527638458842
0.681000000000000;0;-0.121711782340777
0.682000000000000;0;-0.0180716173810433
0.683000000000000;0;-0.546683608779388
0.684000000000000;0;0.405013957106305
0.685000000000000;0;-0.184442256661369
0.686000000000000;0;-0.328853350424722
0.687000000000000;0;-0.442114522141653
0.688000000000000;0;0.266899531278626
0.689000000000000;0;0.0786852730120947
0.690000000000000;0;-0.654138106546955
0.691000000000000;0;0.529639119719503
0.692000000000000;0;-0.184222040140015
0.693000000000000;0;-0.248490434207463
0.694000000000000;0;-0.188128223762801
0.695000000000000;0;0.121913490736903
0.696000000000000;0;-0.248013669201563
0.697000000000000;0;0.121434079199928
0.698000000000000;0;0.265469383875286
0.699000000000000;0;0.149183623425754
0.700000000000000;0;0.192944963857517
0.701000000000000;0;0.151319722407069
0.702000000000000;0;0.196260598817033
0.703000000000000;0;-0.559868348917970
0.704000000000000;0;-0.111283497278492
0.705000000000000;0;-0.0716386769768383
0.706000000000000;0;0.420363827523744
0.707000000000000;0;-0.523411148283132
0.708000000000000;0;-0.0192633964319563
0.709000000000000;0;-0.148734768660551
0.710000000000000;0;0.0833200516674707
0.711000000000000;0;0.204705585532680
0.712000000000000;0;0.257494297510822
0.713000000000000;0;-0.224234764823864
0.714000000000000;0;-0.211870146124127
0.715000000000000;0;-0.312709744659056
0.716000000000000;0;0.327881310576138
0.717000000000000;0;-0.0182890068278147
0.718000000000000;0;-0.260335946883021
0.719000000000000;0;0.618572949236566
0.720000000000000;0;-0.0413112535053448
0.721000000000000;0;0.00485721079319929
0.722000000000000;0;-0.213120295390982
0.723000000000000;0;-0.166045716707143
0.724000000000000;0;0.224986932946425
0.725000000000000;0;-0.400374139133996
0.726000000000000;0;0.410896205466560
0.727000000000000;0;0.167993235463834
0.728000000000000;0;-0.227561840908797
0.729000000000000;0;-0.0339752500660489
0.730000000000000;0;-0.243031367593362
0.731000000000000;0;0.328479545326727
0.732000000000000;0;0.202326948938960
0.733000000000000;0;-0.209256841497398
0.734000000000000;0;-0.0539492872143829
0.735000000000000;0;0.348097324476968
0.736000000000000;0;-0.124390407336301
0.737000000000000;0;-0.0703102112865530
0.738000000000000;0;-0.0819046423376668
0.739000000000000;0;-0.399097322545681
0.740000000000000;0;-0.104011081397779
0.741000000000000;0;0.550000581369730
0.742000000000000;0;-0.501901120589289
0.743000000000000;0;0.320647970377702
0.744000000000000;0;0.381929242578298
0.745000000000000;0;-0.491741898426819
0.746000000000000;0;0.269865612476238
0.747000000000000;0;-0.246396886679986
0.748000000000000;0;0.266942769900094
0.749000000000000;0;-0.203334501330759
0.750000000000000;0;0.220766074954738
0.751000000000000;0;0.197068827633513
0.752000000000000;0;0.197903497931190
0.753000000000000;0;-0.445561864190974
0.754000000000000;0;-0.370118978198617
0.755000000000000;0;0.430663937320561
0.756000000000000;0;-0.0334416727825701
0.757000000000000;0;-0.746207567834490
0.758000000000000;0;-0.245996271472480
0.759000000000000;0;-0.0186831075905499
0.760000000000000;0;-0.366558691644768
0.761000000000000;0;0.463804789032897
0.762000000000000;0;0.0807013887318191
0.763000000000000;0;-0.0462490042903308
0.764000000000000;0;-0.0343258253840422
0.765000000000000;0;-0.458651361257075
0.766000000000000;0;0.150217047026803
0.767000000000000;0;-0.185565078881941
0.768000000000000;0;0.0964951451788061
0.769000000000000;0;0.321735365694133
0.770000000000000;0;-0.412592154932718
0.771000000000000;0;0.140165058395186
0.772000000000000;0;-0.126668602937757
0.773000000000000;0;-0.196441934601121
0.774000000000000;0;0.379521970665258
0.775000000000000;0;0.316333698180797
0.776000000000000;0;-0.00338208293216599
0.777000000000000;0;-0.263210545746527
0.778000000000000;0;-0.373530832962613
0.779000000000000;0;-0.242408180116432
0.780000000000000;0;0.0397147189119821
0.781000000000000;0;0.390044371687110
0.782000000000000;0;0.335157733144035
0.783000000000000;0;-0.555108333289804
0.784000000000000;0;-0.175392425146060
0.785000000000000;0;-0.0823154569179212
0.786000000000000;0;0.412036578255684
0.787000000000000;0;-0.429650871115199
0.788000000000000;0;0.113834038200293
0.789000000000000;0;0.415693987932216
0.790000000000000;0;-0.383433953636062
0.791000000000000;0;0.187767428568933
0.792000000000000;0;0.188866752787390
0.793000000000000;0;-0.0931243432189952
0.794000000000000;0;-0.295976239650524
0.795000000000000;0;-0.0839512277519782
0.796000000000000;0;0.565108155269818
0.797000000000000;0;0.0109859792018954
0.798000000000000;0;0.102925138089937
0.799000000000000;0;0.178702552417250
0.800000000000000;0;-0.466202980302278
0.801000000000000;0;0.0847657348658823
0.802000000000000;0;0.558390556985211
0.803000000000000;0;-0.559147754322021
0.804000000000000;0;0.514664184401211
0.805000000000000;0;-0.748297346018746
0.806000000000000;0;-0.275111493183000
0.807000000000000;0;-0.221354275774814
0.808000000000000;0;0.271801655074461
0.809000000000000;0;-0.409962558546316
0.810000000000000;0;0.378024197672862
0.811000000000000;0;-0.537767350563218
0.812000000000000;0;-0.185166724560289
0.813000000000000;0;0.697460783772418
0.814000000000000;0;-0.261590029576270
0.815000000000000;0;0.621727588959769
0.816000000000000;0;-0.727698679927021
0.817000000000000;0;-0.314508437763594
0.818000000000000;0;0.0337544020113537
0.819000000000000;0;0.434858416551985
0.820000000000000;0;0.934481055634389
0.821000000000000;0;0.592639956660178
0.822000000000000;0;0.0347777147448514
0.823000000000000;0;-0.434172207523250
0.824000000000000;0;-0.428381761262494
0.825000000000000;0;-0.358488552287102
0.826000000000000;0;0.146246869768950
0.827000000000000;0;-0.0146112699218439
0.828000000000000;0;-0.410613542498044
0.829000000000000;0;0.0254462758192685
0.830000000000000;0;-0.642841508451095
0.831000000000000;0;0.178475756438721
0.832000000000000;0;0.365846417783103
0.833000000000000;0;0.396436169615621
0.834000000000000;0;0.0978515817523033
0.835000000000000;0;-0.285437865731004
0.836000000000000;0;0.404545060560528
0.837000000000000;0;-0.109583905142140
0.838000000000000;0;0.0259298744210769
0.839000000000000;0;-0.555349732596113
0.840000000000000;0;-0.419854514332569
0.841000000000000;0;0.248566715137986
0.842000000000000;0;0.353282786388329
0.843000000000000;0;-0.170787931373193
0.844000000000000;0;-0.291067043067512
0.845000000000000;0;0.102254018100675
0.846000000000000;0;0.194657298868493
0.847000000000000;0;-0.545137627548222
0.848000000000000;0;0.392743635169897
0.849000000000000;0;0.179636223176958
0.850000000000000;0;0.0303768730042768
0.851000000000000;0;-0.125011400938151
0.852000000000000;0;-0.522239363715978
0.853000000000000;0;-0.347277396799252
0.854000000000000;0;-0.348906328515499
0.855000000000000;0;-0.276943403694838
0.856000000000000;0;0.210571991170181
0.857000000000000;0;0.296569493745001
0.858000000000000;0;0.494295739291062
0.859000000000000;0;-0.239165363356993
0.860000000000000;0;-0.528973284400419
0.861000000000000;0;-0.00881727427178681
0.862000000000000;0;0.138771817038869
0.863000000000000;0;0.253079744771403
0.864000000000000;0;-0.308134422992772
0.865000000000000;0;-0.489553521950573
0.866000000000000;0;0.193695773955199
0.867000000000000;0;0.0611788476956296
0.868000000000000;0;-0.345818513589305
0.869000000000000;0;0.309215446392280
0.870000000000000;0;-0.134879118363349
0.871000000000000;0;-0.160801269049295
0.872000000000000;0;0.0764997833198225
0.873000000000000;0;-0.129322637355560
0.874000000000000;0;-0.323021476613515
0.875000000000000;0;0.376142474690128
0.876000000000000;0;-0.115060080610106
0.877000000000000;0;-0.0721953479447534
0.878000000000000;0;-0.260853496491858
0.879000000000000;0;0.193112412346119
0.880000000000000;0;0.237361573611006
0.881000000000000;0;0.173119578496217
0.882000000000000;0;-0.549439311227698
0.883000000000000;0;-0.0937318412452647
0.884000000000000;0;-0.116876893138366
0.885000000000000;0;-0.424044310956826
0.886000000000000;0;0.0573766511081943
0.887000000000000;0;0.00953782060846098
0.888000000000000;0;0.120749970220881
0.889000000000000;0;0.462780144762547
0.890000000000000;0;-0.277047875107402
0.891000000000000;0;-0.397193333855779
0.892000000000000;0;-0.0853177367431041
0.893000000000000;0;-0.231622936083244
0.894000000000000;0;0.0882932052927808
0.895000000000000;0;0.310807589368728
0.896000000000000;0;0.421714984020560
0.897000000000000;0;-0.293070821780310
0.898000000000000;0;0.364966433985754
0.899000000000000;0;0.675397904545464
0.900000000000000;0;0.00514314472098910
0.901000000000000;0;-0.407008144680579
0.902000000000000;0;-0.491202791174217
0.903000000000000;0;-0.0189313117827629
0.904000000000000;0;0.184248695256007
0.905000000000000;0;-0.295397261338473
0.906000000000000;0;0.0111443103086984
0.907000000000000;0;0.498626685825047
0.908000000000000;0;-0.484541332024994
0.909000000000000;0;-0.0804301359617400
0.910000000000000;0;0.208729840512752
0.911000000000000;0;-0.388822857090356
0.912000000000000;0;-0.180448302428097
0.913000000000000;0;-0.215739375048578
0.914000000000000;0;0.0804995295580146
0.915000000000000;0;0.0416447449556002
0.916000000000000;0;0.520069114008818
0.917000000000000;0;-0.0746470678546198
0.918000000000000;0;-0.223568579675750
0.919000000000000;0;-0.186046674345347
0.920000000000000;0;0.586617733516800
0.921000000000000;0;0.659140210886789
0.922000000000000;0;-0.0720315524501620
0.923000000000000;0;-0.0840892862624484
0.924000000000000;0;-0.00689052505001701
0.925000000000000;0;-0.264272941536501
0.926000000000000;0;-0.322023419579452
0.927000000000000;0;-0.298852256135849
0.928000000000000;0;-0.273662832662043
0.929000000000000;0;-0.255736535576446
0.930000000000000;0;-0.533081241245905
0.931000000000000;0;0.113269603226292
0.932000000000000;0;-0.212484008461787
0.933000000000000;0;-0.322879104886363
0.934000000000000;0;0.790211903620674
0.935000000000000;0;-0.199870560716061
0.936000000000000;0;0.247854470612195
0.937000000000000;0;0.0760648618886253
0.938000000000000;0;-0.464998252169065
0.939000000000000;0;0.105897249334092
0.940000000000000;0;0.505654962036058
0.941000000000000;0;0.313352915608272
0.942000000000000;0;0.0211834561077279
0.943000000000000;0;0.630287780166841
0.944000000000000;0;-0.200251695013463
0.945000000000000;0;-0.0777660822465890
0.946000000000000;0;0.520654951799867
0.947000000000000;0;0.493672544598044
0.948000000000000;0;-0.239837245303747
0.949000000000000;0;-0.285864476247096
0.950000000000000;0;0.358275298431919
0.951000000000000;0;-0.155693640817692
0.952000000000000;0;-0.106438772687244
0.953000000000000;0;0.0186816945510184
0.954000000000000;0;-0.313674404621986
0.955000000000000;0;-0.315354952479267
0.956000000000000;0;0.349453778678171
0.957000000000000;0;-0.363091442135730
0.958000000000000;0;-0.149753647269927
0.959000000000000;0;0.105482612330977
0.960000000000000;0;-0.0766493736103218
0.961000000000000;0;-0.140744037223822
0.962000000000000;0;0.236596707907305
0.963000000000000;0;-0.718219492563270
0.964000000000000;0;-0.341712792006070
0.965000000000000;0;0.0259997425696133
0.966000000000000;0;0.231560024477683
0.967000000000000;0;-0.304349015273890
0.968000000000000;0;0.277026724507284
0.969000000000000;0;-0.200226696570594
0.970000000000000;0;0.264383976446227
0.971000000000000;0;-0.619381377881293
0.972000000000000;0;-0.246511164583121
0.973000000000000;0;0.387095595176668
0.974000000000000;0;0.182253538017893
0.975000000000000;0;-0.929146673354315
0.976000000000000;0;-0.349399094516270
0.977000000000000;0;-0.489363061149814
0.978000000000000;0;-0.453592297379930
0.979000000000000;0;0.0404817422991498
0.980000000000000;0;0.353092053323967
0.981000000000000;0;-0.433953356677525
0.982000000000000;0;0.656120760785388
0.983000000000000;0;0.469837976490244
0.984000000000000;0;-0.0137870440388637
0.985000000000000;0;0.237202910530455
0.986000000000000;0;-0.230431804434657
0.987000000000000;0;-0.204974508909970
0.988000000000000;0;0.0439327183817388
0.989000000000000;0;-0.0485834646129324
0.990000000000000;0;-0.362539761785320
0.991000000000000;0;0.431791100616266
0.992000000000000;0;-0.199994833057262
0.993000000000000;0;0.619696654646649
0.994000000000000;0;0.136493803344087
0.995000000000000;0;-0.0127342910998065
0.996000000000000;0;-0.0890195625988929
0.997000000000000;0;-0.388272096652103
0.998000000000000;0;0.366621116280107
0.999000000000000;0;-0.403109052287726
0.999999999999993;0;-0.403109052287726
1;12;-0.0590229724993465
1.00000000000001;12;-0.0590229724970872
1.00100000000000;12;-0.474034582563871
1.00200000000000;12;-0.00834805308688191
1.00300000000000;12;0.647266263335315
1.00400000000000;12;0.703176651626043
1.00500000000000;12;0.587533425674163
1.00600000000000;12;0.947601641121698
1.00700000000000;12;1.10028912129571
1.00800000000000;12;1.27438369844062
1.00900000000000;12;1.08823533822903
1.01000000000000;12;1.48927136518514
1.01100000000000;12;1.89229885522928
1.01200000000000;12;2.49970670453477
1.01300000000000;12;2.06155163599932
1.01400000000000;12;3.29643720963817
1.01500000000000;12;2.01456891704901
1.01600000000000;12;2.84162094816765
1.01700000000000;12;2.87386297260242
1.01800000000000;12;2.87693156080691
1.01900000000000;12;3.64497214450285
1.02000000000000;12;2.73860796727783
1.02100000000000;12;3.63222319631896
1.02200000000000;12;3.48929117209687
1.02300000000000;12;4.00467641753225
1.02400000000000;12;3.46893007542379
1.02500000000000;12;3.79900409389507
1.02600000000000;12;3.82869443454797
1.02700000000000;12;4.03824739638878
1.02800000000000;12;4.29388455989354
1.02900000000000;12;4.40963866575809
1.03000000000000;12;4.67102527293577
1.03100000000000;12;5.13462007316565
1.03200000000000;12;4.62009429452267
1.03300000000000;12;5.12277509287370
1.03400000000000;12;5.19156799383857
1.03500000000000;12;5.66902225324813
1.03600000000000;12;4.97888299155644
1.03700000000000;12;5.01840891313487
1.03800000000000;12;5.31448495349446
1.03900000000000;12;6.00244437701422
1.04000000000000;12;5.77912752530487
1.04100000000000;12;5.85419030552312
1.04200000000000;12;5.57624746027221
1.04300000000000;12;6.15899884916063
1.04400000000000;12;6.26023485030022
1.04500000000000;12;6.34339260703057
1.04600000000000;12;7.12921979222937
1.04700000000000;12;7.18389540942047
1.04800000000000;12;6.62902968747097
1.04900000000000;12;7.17404829939101
1.05000000000000;12;7.28015452664497
1.05100000000000;12;7.43935103767994
1.05200000000000;12;8.21521814253869
1.05300000000000;12;7.73871974014991
1.05400000000000;12;7.20655310340322
1.05500000000000;12;7.83258821924043
1.05600000000000;12;8.40624400893403
1.05700000000000;12;8.56311046484994
1.05800000000000;12;8.60963820844122
1.05900000000000;12;8.70916324369200
1.06000000000000;12;7.99506664188784
1.06100000000000;12;8.76663410707054
1.06200000000000;12;8.68296167756378
1.06300000000000;12;9.21147331157018
1.06400000000000;12;9.51403267291341
1.06500000000000;12;9.07808546890303
1.06600000000000;12;9.26268649758253
1.06700000000000;12;9.73694761070484
1.06800000000000;12;9.95813482159805
1.06900000000000;12;9.91553251349566
1.07000000000000;12;10.0332818228677
1.07100000000000;12;10.0922422208901
1.07200000000000;12;10.2965810218222
1.07300000000000;12;10.1126173259455
1.07400000000000;12;11.2551941114632
1.07500000000000;12;10.5235301314039
1.07600000000000;12;11.2611055621361
1.07700000000000;12;11.0950385861903
1.07800000000000;12;10.8927345804977
1.07900000000000;12;11.1442344423602
1.08000000000000;12;11.3986509079335
1.08100000000000;12;11.3229205049476
1.08200000000000;12;11.8397240054218
1.08300000000000;12;12.0732920258660
1.08400000000000;12;11.3693447827185
1.08500000000000;12;11.7837155311702
1.08600000000000;12;12.3698669690699
1.08700000000000;12;11.7084657435255
1.08800000000000;12;11.7737522150607
1.08900000000000;12;12.2302473196706
1.09000000000000;12;12.2762776045155
1.09100000000000;12;12.7589404824926
1.09200000000000;12;12.8832194022574
1.09300000000000;12;12.5221261245222
1.09400000000000;12;12.5253173606383
1.09500000000000;12;13.1094067568470
1.09600000000000;12;13.2293612169836
1.09700000000000;12;13.3312972039499
1.09800000000000;12;13.1444402983932
1.09900000000000;12;13.8997782905573
1.10000000000000;12;13.5798654344616
1.10100000000000;12;13.5744776188762
1.10200000000000;12;13.6180418759325
1.10300000000000;12;14.1339442784091
1.10400000000000;12;14.3182224430354
1.10500000000000;12;14.2168899239726
1.10600000000000;12;15.0893651201028
1.10700000000000;12;13.9780619370104
1.10800000000000;12;14.4837216329021
1.10900000000000;12;15.0897319687614
1.11000000000000;12;14.5982095218394
1.11100000000000;12;15.1006078644720
1.11200000000000;12;14.7882990749451
1.11300000000000;12;15.4912610951132
1.11400000000000;12;15.1631182281749
1.11500000000000;12;15.2349903167148
1.11600000000000;12;15.2635563138012
1.11700000000000;12;15.6257449213351
1.11800000000000;12;16.3907724129445
1.11900000000000;12;15.5071372551915
1.12000000000000;12;16.2529072846756
1.12100000000000;12;15.5972930429514
1.12200000000000;12;16.0108189225322
1.12300000000000;12;16.0074643059876
1.12400000000000;12;16.6078298024861
1.12500000000000;12;16.1867397533378
1.12600000000000;12;16.3998595503926
1.12700000000000;12;16.8616668541012
1.12800000000000;12;17.4705982472577
1.12900000000000;12;16.4229695031271
1.13000000000000;12;16.5305426242403
1.13100000000000;12;17.1161208167374
1.13200000000000;12;17.4696601266904
1.13300000000000;12;17.6406145234632
1.13400000000000;12;17.6548327549007
1.13500000000000;12;17.4804437891782
1.13600000000000;12;18.0531691103371
1.13700000000000;12;17.9625604811457
1.13800000000000;12;17.8818443501002
1.13900000000000;12;17.9891274327896
1.14000000000000;12;18.1852645785701
1.14100000000000;12;18.3645159838264
1.14200000000000;12;18.8054857883544
1.14300000000000;12;18.2471229420520
1.14400000000000;12;18.4094713305614
1.14500000000000;12;18.5289486091609
1.14600000000000;12;18.5051334594561
1.14700000000000;12;18.6166906849153
1.14800000000000;12;18.8161400960335
1.14900000000000;12;19.5418721278905
1.15000000000000;12;19.6514294832589
1.15100000000000;12;18.9233580836130
1.15200000000000;12;19.3777390227936
1.15300000000000;12;18.6680061176715
1.15400000000000;12;19.9961130906805
1.15500000000000;12;19.6328641769566
1.15600000000000;12;19.6014884369882
1.15700000000000;12;20.0243377453667
1.15800000000000;12;19.8420530788603
1.15900000000000;12;20.6717103314462
1.16000000000000;12;19.8300738853453
1.16100000000000;12;19.9780360175394
1.16200000000000;12;20.7112008388811
1.16300000000000;12;20.4217981632005
1.16400000000000;12;21.0062033647164
1.16500000000000;12;20.5804690144747
1.16600000000000;12;20.8625475095858
1.16700000000000;12;20.6641956512685
1.16800000000000;12;21.3841559101099
1.16900000000000;12;20.1827790075060
1.17000000000000;12;20.7875543958032
1.17100000000000;12;21.2777674333001
1.17200000000000;12;21.5286885414737
1.17300000000000;12;21.3012136692085
1.17400000000000;12;21.6226656382615
1.17500000000000;12;21.3902751842259
1.17600000000000;12;21.7647797147084
1.17700000000000;12;21.5461319752690
1.17800000000000;12;22.5097693252737
1.17900000000000;12;21.9295356442240
1.18000000000000;12;22.0814899700313
1.18100000000000;12;22.1743931860063
1.18200000000000;12;22.7845055209078
1.18300000000000;12;22.2595894884547
1.18400000000000;12;22.4746684900732
1.18500000000000;12;21.9016618303504
1.18600000000000;12;21.9687266441585
1.18700000000000;12;22.5683590979144
1.18800000000000;12;23.4346253010595
1.18900000000000;12;22.6507192099469
1.19000000000000;12;23.1007361781419
1.19100000000000;12;23.1079733686941
1.19200000000000;12;23.0047185820060
1.19300000000000;12;23.3855144378459
1.19400000000000;12;22.7767136177934
1.19500000000000;12;23.7740031433858
1.19600000000000;12;23.4922477174583
1.19700000000000;12;23.6279380568166
1.19800000000000;12;23.0473804306499
1.19900000000000;12;24.0841510906735
1.20000000000000;12;23.6610671738533
1.20100000000000;12;24.0054436744389
1.20200000000000;12;23.5020809265290
1.20300000000000;12;24.0274220216384
1.20400000000000;12;24.0887130281100
1.20500000000000;12;24.1902467260449
1.20600000000000;12;23.5008647803481
1.20700000000000;12;24.1656543115857
1.20800000000000;12;24.6573813437534
1.20900000000000;12;24.4348207399786
1.21000000000000;12;24.5506263643580
1.21100000000000;12;24.1794852108374
1.21200000000000;12;25.1338641602195
1.21300000000000;12;24.7721487572874
1.21400000000000;12;24.8176068213018
1.21500000000000;12;24.9978099726528
1.21600000000000;12;25.4603086570913
1.21700000000000;12;25.4505951831382
1.21800000000000;12;25.4187536881961
1.21900000000000;12;25.1924609454367
1.22000000000000;12;25.0071500294358
1.22100000000000;12;25.7263344155047
1.22200000000000;12;25.3771482791557
1.22300000000000;12;25.3256624735434
1.22400000000000;12;25.8059346788574
1.22500000000000;12;25.2925234639399
1.22600000000000;12;26.3944882511031
1.22700000000000;12;26.1530618763148
1.22800000000000;12;26.0963046987308
1.22900000000000;12;26.2394561671074
1.23000000000000;12;26.6760838190733
1.23100000000000;12;26.6272564070940
1.23200000000000;12;26.5263967879726
1.23300000000000;12;26.4437151829002
1.23400000000000;12;26.6018453088945
1.23500000000000;12;26.7629469843261
1.23600000000000;12;26.6693312019134
1.23700000000000;12;27.2917006550897
1.23800000000000;12;26.9075894331339
1.23900000000000;12;26.7676527794138
1.24000000000000;12;27.6092645324710
1.24100000000000;12;27.2153236516163
1.24200000000000;12;27.1065221625722
1.24300000000000;12;27.0727077845973
1.24400000000000;12;27.2666226035696
1.24500000000000;12;27.0317770138733
1.24600000000000;12;27.3777368074921
1.24700000000000;12;27.1725240591511
1.24800000000000;12;27.6136423057688
1.24900000000000;12;28.1263389657511
1.25000000000000;12;27.5270925503133
1.25100000000000;12;27.5123372322908
1.25200000000000;12;28.0759097025911
1.25300000000000;12;28.7687315360600
1.25400000000000;12;27.5652333425656
1.25500000000000;12;28.1472742727555
1.25600000000000;12;28.0960206989754
1.25700000000000;12;28.6050479538168
1.25800000000000;12;28.4351382842454
1.25900000000000;12;27.8135289892193
1.26000000000000;12;28.9204678729461
1.26100000000000;12;28.7949903637691
1.26200000000000;12;29.0701167500893
1.26300000000000;12;29.1805618592819
1.26400000000000;12;28.3644766017637
1.26500000000000;12;28.9002338744307
1.26600000000000;12;28.7893631147239
1.26700000000000;12;29.0416001926380
1.26800000000000;12;28.9955169161852
1.26900000000000;12;29.2559354418194
1.27000000000000;12;29.8100889123792
1.27100000000000;12;29.4317725490976
1.27200000000000;12;29.7236750828916
1.27300000000000;12;29.3592362960184
1.27400000000000;12;29.6516031057776
1.27500000000000;12;29.7960305132663
1.27600000000000;12;30.3302230814045
1.27700000000000;12;30.0212341028767
1.27800000000000;12;30.1615746999428
1.27900000000000;12;29.3763444078079
1.28000000000000;12;30.4857468679405
1.28100000000000;12;29.8840008349236
1.28200000000000;12;29.7542750903013
1.28300000000000;12;30.7235114766171
1.28400000000000;12;30.1481372453484
1.28500000000000;12;30.2165485585247
1.28600000000000;12;30.0100406684070
1.28700000000000;12;29.8219266374756
1.28800000000000;12;30.4527720666453
1.28900000000000;12;30.4147168125872
1.29000000000000;12;29.9468148600345
1.29100000000000;12;30.8047877037336
1.29200000000000;12;30.4314193773789
1.29300000000000;12;30.7035039362242
1.29400000000000;12;30.5772618624516
1.29500000000000;12;30.2338451469642
1.29600000000000;12;31.0150914865782
1.29700000000000;12;30.8841100062683
1.29800000000000;12;30.9332040934290
1.29900000000000;12;31.2471153039440
1.30000000000000;12;30.8375304464394
1.30100000000000;12;31.1334839539140
1.30200000000000;12;31.4683102567891
1.30300000000000;12;31.5289770911728
1.30400000000000;12;31.1762951518059
1.30500000000000;12;31.3476930669640
1.30600000000000;12;31.8143702113408
1.30700000000000;12;31.8475798711360
1.30800000000000;12;32.0732261668045
1.30900000000000;12;32.2353303304368
1.31000000000000;12;31.6660271195360
1.31100000000000;12;31.1026315473574
1.31200000000000;12;31.8669766410791
1.31300000000000;12;32.0379776881992
1.31400000000000;12;32.2206591444230
1.31500000000000;12;32.3549138966066
1.31600000000000;12;32.3959225660636
1.31700000000000;12;32.3682380085728
1.31800000000000;12;32.1243616071655
1.31900000000000;12;32.2948597972533
1.32000000000000;12;32.5146846352283
1.32100000000000;12;32.6258113461668
1.32200000000000;12;32.7312829821960
1.32300000000000;12;32.7699295238954
1.32400000000000;12;32.9283610140419
1.32500000000000;12;32.9139004082405
1.32600000000000;12;32.9237904485239
1.32700000000000;12;32.8544567645984
1.32800000000000;12;32.5363531893594
1.32900000000000;12;33.4399904686056
1.33000000000000;12;33.4356258050749
1.33100000000000;12;33.4234396842903
1.33200000000000;12;33.2133743691260
1.33300000000000;12;33.5021689033260
1.33400000000000;12;33.7205123065851
1.33500000000000;12;33.5197078356124
1.33600000000000;12;33.0839278878212
1.33700000000000;12;33.7492135424810
1.33800000000000;12;33.2408589978799
1.33900000000000;12;33.3793951174849
1.34000000000000;12;33.6278565287720
1.34100000000000;12;33.5795282345196
1.34200000000000;12;33.8627568383214
1.34300000000000;12;33.6106084530395
1.34400000000000;12;34.1302643091996
1.34500000000000;12;34.1940472286420
1.34600000000000;12;33.7721737612524
1.34700000000000;12;34.1694303692179
1.34800000000000;12;34.3984545853401
1.34900000000000;12;34.4947494337737
1.35000000000000;12;34.9493964708267
1.35100000000000;12;34.5091522605156
1.35200000000000;12;35.2236869497957
1.35300000000000;12;34.4501092516410
1.35400000000000;12;34.5876607719394
1.35500000000000;12;33.7600929024585
1.35600000000000;12;35.2034539623687
1.35700000000000;12;34.5477039149500
1.35800000000000;12;34.6827957527068
1.35900000000000;12;34.7642382590523
1.36000000000000;12;34.9590350906203
1.36100000000000;12;34.0049946405840
1.36200000000000;12;35.1576301132010
1.36300000000000;12;34.7431811863995
1.36400000000000;12;35.0956613373745
1.36500000000000;12;34.8617221046884
1.36600000000000;12;34.7132766244818
1.36700000000000;12;34.6801524876848
1.36800000000000;12;34.7966810850194
1.36900000000000;12;34.8528346744251
1.37000000000000;12;34.6653824819418
1.37100000000000;12;34.9054301175594
1.37200000000000;12;35.7340368292971
1.37300000000000;12;35.4036041909174
1.37400000000000;12;35.2464768286764
1.37500000000000;12;35.2229823706591
1.37600000000000;12;35.6013889139183
1.37700000000000;12;35.3909854188440
1.37800000000000;12;35.8400072590062
1.37900000000000;12;36.3199532609843
1.38000000000000;12;35.7779781147225
1.38100000000000;12;35.7315263654496
1.38200000000000;12;36.0000154813211
1.38300000000000;12;36.1053006535558
1.38400000000000;12;35.7178674733382
1.38500000000000;12;36.1922155114130
1.38600000000000;12;36.0442510082232
1.38700000000000;12;36.3758438787984
1.38800000000000;12;35.8199605544796
1.38900000000000;12;36.7852714894385
1.39000000000000;12;36.3796789751173
1.39100000000000;12;36.8708781262924
1.39200000000000;12;36.3673560242621
1.39300000000000;12;36.1294012888957
1.39400000000000;12;36.5674747804230
1.39500000000000;12;36.3743188885458
1.39600000000000;12;36.0917873444381
1.39700000000000;12;36.5022119567486
1.39800000000000;12;36.5173579898938
1.39900000000000;12;36.9036472122100
1.40000000000000;12;36.6071877191719
1.40100000000000;12;36.5230311659744
1.40200000000000;12;37.0409182614351
1.40300000000000;12;36.7949649166308
1.40400000000000;12;37.1582482766515
1.40500000000000;12;37.1423388339534
1.40600000000000;12;37.0433379575616
1.40700000000000;12;36.9399357342226
1.40800000000000;12;37.4369797002759
1.40900000000000;12;36.9869175621000
1.41000000000000;12;37.3194027310146
1.41100000000000;12;37.1733966958151
1.41200000000000;12;37.5796246888213
1.41300000000000;12;37.3408084408196
1.41400000000000;12;36.9823100025191
1.41500000000000;12;37.5800069566662
1.41600000000000;12;37.7692525823836
1.41700000000000;12;36.7136719358560
1.41800000000000;12;37.6670553548000
1.41900000000000;12;38.0489703535152
1.42000000000000;12;37.6303717498723
1.42100000000000;12;37.8543967164555
1.42200000000000;12;37.5095286904328
1.42300000000000;12;37.8395352908468
1.42400000000000;12;38.0010091798821
1.42500000000000;12;37.9630634276782
1.42600000000000;12;37.8120634031386
1.42700000000000;12;38.1862138756487
1.42800000000000;12;38.4153522683782
1.42900000000000;12;38.1323475639684
1.43000000000000;12;38.1054244965582
1.43100000000000;12;37.9144076570522
1.43200000000000;12;38.4261348875940
1.43300000000000;12;37.9786892242823
1.43400000000000;12;38.5091861294016
1.43500000000000;12;39.0345224420702
1.43600000000000;12;38.0023338727697
1.43700000000000;12;37.8822828980372
1.43800000000000;12;38.0803719371880
1.43900000000000;12;38.1303248554301
1.44000000000000;12;38.9282472234786
1.44100000000000;12;38.7082873062527
1.44200000000000;12;38.8960835832910
1.44300000000000;12;38.7157024704919
1.44400000000000;12;38.5985133807954
1.44500000000000;12;38.6315767876950
1.44600000000000;12;38.7614855094361
1.44700000000000;12;39.0952487907104
1.44800000000000;12;38.7360633333201
1.44900000000000;12;39.0650908462556
1.45000000000000;12;38.5521004659292
1.45100000000000;12;39.1609587836875
1.45200000000000;12;39.0316509436840
1.45300000000000;12;38.8858943871898
1.45400000000000;12;39.1049844712724
1.45500000000000;12;38.9410451770372
1.45600000000000;12;38.5857304850649
1.45700000000000;12;39.7469135612031
1.45800000000000;12;39.3899664063187
1.45900000000000;12;39.7601994461371
1.46000000000000;12;39.3499833370917
1.46100000000000;12;39.9612094881114
1.46200000000000;12;39.6983971658384
1.46300000000000;12;39.3488242952053
1.46400000000000;12;39.6107606072733
1.46500000000000;12;39.0218623635119
1.46600000000000;12;39.7483090412831
1.46700000000000;12;39.3747674773798
1.46800000000000;12;39.2645177605416
1.46900000000000;12;39.9165315058238
1.47000000000000;12;39.6608657005171
1.47100000000000;12;40.3182129107710
1.47200000000000;12;39.5389745795293
1.47300000000000;12;39.7296996706617
1.47400000000000;12;40.0542491793494
1.47500000000000;12;40.7013284710848
1.47600000000000;12;40.2256761448560
1.47700000000000;12;39.7184875865788
1.47800000000000;12;40.3555885584702
1.47900000000000;12;40.3806640372963
1.48000000000000;12;40.3500147968905
1.48100000000000;12;40.4372352544254
1.48200000000000;12;39.7609349129668
1.48300000000000;12;39.7467696071316
1.48400000000000;12;40.1765462229832
1.48500000000000;12;39.9477482646361
1.48600000000000;12;40.1888850484947
1.48700000000000;12;40.4613801909936
1.48800000000000;12;40.7408224360684
1.48900000000000;12;40.2384739631740
1.49000000000000;12;39.9259596285843
1.49100000000000;12;41.1623799716883
1.49200000000000;12;40.4468245488508
1.49300000000000;12;40.9322646454986
1.49400000000000;12;40.3896251404106
1.49500000000000;12;41.0453008875023
1.49600000000000;12;40.5594084440142
1.49700000000000;12;40.3626959888162
1.49800000000000;12;40.9149941748836
1.49900000000000;12;40.4551551160346
1.50000000000000;12;40.8851038250627
1.50100000000000;12;40.5592970074271
1.50200000000000;12;40.6564753701381
1.50300000000000;12;41.0638836827017
1.50400000000000;12;41.5300574277428
1.50500000000000;12;41.4813485528191
1.50600000000000;12;41.2197726030534
1.50700000000000;12;40.9479431280822
1.50800000000000;12;41.0220189474597
1.50900000000000;12;41.0833561053658
1.51000000000000;12;41.1010786584640
1.51100000000000;12;40.8620248851215
1.51200000000000;12;41.3776916089275
1.51300000000000;12;41.4254772026988
1.51400000000000;12;41.3216798497157
1.51500000000000;12;41.4883649219063
1.51600000000000;12;41.6243043069545
1.51700000000000;12;42.1399628107069
1.51800000000000;12;41.5674940100675
1.51900000000000;12;41.7499815600978
1.52000000000000;12;41.4527574365328
1.52100000000000;12;41.2107261671022
1.52200000000000;12;41.1716374424436
1.52300000000000;12;41.3653210840333
1.52400000000000;12;41.1770009395704
1.52500000000000;12;41.0718796692421
1.52600000000000;12;40.9920366865569
1.52700000000000;12;41.4348262395597
1.52800000000000;12;41.7031110733249
1.52900000000000;12;41.2849096422300
1.53000000000000;12;41.6585554443090
1.53100000000000;12;42.2188672279860
1.53200000000000;12;42.1988660499459
1.53300000000000;12;42.3710771380468
1.53400000000000;12;41.6201132432217
1.53500000000000;12;42.0151176340341
1.53600000000000;12;41.4641094345625
1.53700000000000;12;42.1869583590488
1.53800000000000;12;41.7473474218708
1.53900000000000;12;42.2359619488420
1.54000000000000;12;42.0977755366531
1.54100000000000;12;42.6329824493316
1.54200000000000;12;42.3878761191565
1.54300000000000;12;41.8476739521321
1.54400000000000;12;42.0637171974568
1.54500000000000;12;41.8357559499760
1.54600000000000;12;42.0699301015714
1.54700000000000;12;42.5023606300878
1.54800000000000;12;42.4974237239886
1.54900000000000;12;42.9049808922501
1.55000000000000;12;42.1846651702548
1.55100000000000;12;42.6007037451109
1.55200000000000;12;42.9239171554206
1.55300000000000;12;42.5529513498043
1.55400000000000;12;42.7268962588875
1.55500000000000;12;43.0503342360817
1.55600000000000;12;42.5837301398203
1.55700000000000;12;41.8847671642467
1.55800000000000;12;42.1586807461126
1.55900000000000;12;42.5559759709153
1.56000000000000;12;43.2594061836159
1.56100000000000;12;43.1188797796962
1.56200000000000;12;42.6606629566405
1.56300000000000;12;42.6982896846874
1.56400000000000;12;42.2914229768352
1.56500000000000;12;43.3563030156921
1.56600000000000;12;43.3482598559024
1.56700000000000;12;43.0770271253738
1.56800000000000;12;42.6894224256144
1.56900000000000;12;42.6931358920977
1.57000000000000;12;43.3119613839871
1.57100000000000;12;42.9718683436031
1.57200000000000;12;42.6638474981154
1.57300000000000;12;42.9794141945784
1.57400000000000;12;42.7408046833963
1.57500000000000;12;43.1203979737581
1.57600000000000;12;43.1913071945045
1.57700000000000;12;42.9789019476290
1.57800000000000;12;43.0489897304877
1.57900000000000;12;43.0391078186095
1.58000000000000;12;43.3903879550702
1.58100000000000;12;43.0886795355228
1.58200000000000;12;43.7631672391858
1.58300000000000;12;43.5540708538688
1.58400000000000;12;42.9804685584083
1.58500000000000;12;43.2133759301662
1.58600000000000;12;43.1116954402149
1.58700000000000;12;42.9987390467519
1.58800000000000;12;42.9393904482928
1.58900000000000;12;43.2275189893150
1.59000000000000;12;43.5337909218682
1.59100000000000;12;43.3447451932827
1.59200000000000;12;44.2688964037801
1.59300000000000;12;43.7330992096115
1.59400000000000;12;43.9141542646162
1.59500000000000;12;43.7660164591722
1.59600000000000;12;43.4958660427696
1.59700000000000;12;43.8843931984688
1.59800000000000;12;44.3223457708934
1.59900000000000;12;43.7041350427469
1.60000000000000;12;43.4438359402896
1.60100000000000;12;44.1953361349577
1.60200000000000;12;43.9782424264033
1.60300000000000;12;44.0477431585095
1.60400000000000;12;44.1640369495425
1.60500000000000;12;44.5686096544444
1.60600000000000;12;43.8354076034301
1.60700000000000;12;43.9578654028702
1.60800000000000;12;44.2123019509629
1.60900000000000;12;44.4828630397249
1.61000000000000;12;43.8478343403106
1.61100000000000;12;43.5074490104008
1.61200000000000;12;44.1194964006197
1.61300000000000;12;43.9264811136170
1.61400000000000;12;44.4938673795530
1.61500000000000;12;43.8166052615304
1.61600000000000;12;43.7982885444526
1.61700000000000;12;44.3370532855248
1.61800000000000;12;43.8364414300109
1.61900000000000;12;44.3367748760268
1.62000000000000;12;44.3584282563224
1.62100000000000;12;45.4720281502329
1.62200000000000;12;44.7519398089232
1.62300000000000;12;44.6468459025857
1.62400000000000;12;44.0573670041970
1.62500000000000;12;43.7678083515069
1.62600000000000;12;44.7211959309545
1.62700000000000;12;45.3082148896792
1.62800000000000;12;43.9560427920376
1.62900000000000;12;44.4310026157188
1.63000000000000;12;44.3774575523904
1.63100000000000;12;44.8222945226966
1.63200000000000;12;44.9164597559250
1.63300000000000;12;44.8139837094239
1.63400000000000;12;44.7677935014407
1.63500000000000;12;44.5424943645021
1.63600000000000;12;44.8413225917900
1.63700000000000;12;44.5186630423182
1.63800000000000;12;44.8691008856873
1.63900000000000;12;44.3147849931268
1.64000000000000;12;44.6887773465752
1.64100000000000;12;44.7710756899802
1.64200000000000;12;44.8298678052476
1.64300000000000;12;44.9379994647300
1.64400000000000;12;44.9135791971353
1.64500000000000;12;44.7955932641422
1.64600000000000;12;45.2646079274175
1.64700000000000;12;44.7738740325842
1.64800000000000;12;45.0265415284894
1.64900000000000;12;44.2857004956936
1.65000000000000;12;45.5721569256286
1.65100000000000;12;45.0636479658728
1.65200000000000;12;45.1499976962283
1.65300000000000;12;45.3500033759088
1.65400000000000;12;45.0049375548127
1.65500000000000;12;44.9563838108066
1.65600000000000;12;45.3100813520574
1.65700000000000;12;45.3061884051850
1.65800000000000;12;45.2843691856968
1.65900000000000;12;45.1492780224388
1.66000000000000;12;44.9159449991785
1.66100000000000;12;45.3633024946684
1.66200000000000;12;44.9101368013372
1.66300000000000;12;45.3011408425748
1.66400000000000;12;45.1351099931532
1.66500000000000;12;45.0886852353683
1.66600000000000;12;45.3594675294187
1.66700000000000;12;45.1835965705834
1.66800000000000;12;45.0393972322009
1.66900000000000;12;45.6259276894144
1.67000000000000;12;45.0533776236128
1.67100000000000;12;45.4090859632032
1.67200000000000;12;44.9250163200589
1.67300000000000;12;45.1939063256870
1.67400000000000;12;45.2755256353353
1.67500000000000;12;45.4856586003852
1.67600000000000;12;45.7317272834479
1.67700000000000;12;45.2900452516777
1.67800000000000;12;46.0088720050166
1.67900000000000;12;45.6791750141048
1.68000000000000;12;45.5346175558174
1.68100000000000;12;45.5066759086523
1.68200000000000;12;46.1976643987696
1.68300000000000;12;45.3941302435168
1.68400000000000;12;46.1825298342256
1.68500000000000;12;45.9586681933912
1.68600000000000;12;45.6997336988914
1.68700000000000;12;45.8177560076901
1.68800000000000;12;45.2152650174401
1.68900000000000;12;45.5625950146769
1.69000000000000;12;45.6581467091621
1.69100000000000;12;46.1884781921368
1.69200000000000;12;46.2627748401060
1.69300000000000;12;46.0700265613076
1.69400000000000;12;45.5989345347342
1.69500000000000;12;45.5133875299000
1.69600000000000;12;45.9140649474595
1.69700000000000;12;45.8366778848808
1.69800000000000;12;46.2423527003696
1.69900000000000;12;46.1291621480521
1.70000000000000;12;45.9634894708531
1.70100000000000;12;46.2272948741131
1.70200000000000;12;45.8882594268417
1.70300000000000;12;45.4560700835931
1.70400000000000;12;46.2001012746774
1.70500000000000;12;46.4759348432953
1.70600000000000;12;46.6828514968472
1.70700000000000;12;46.1057167861579
1.70800000000000;12;47.3497675168543
1.70900000000000;12;45.5299166238542
1.71000000000000;12;46.1034107021565
1.71100000000000;12;45.9616573165788
1.71200000000000;12;46.3238063182149
1.71300000000000;12;45.8936657410819
1.71400000000000;12;46.3523958367709
1.71500000000000;12;46.0548823405839
1.71600000000000;12;46.0475918716616
1.71700000000000;12;46.1645592015297
1.71800000000000;12;46.3600447435899
1.71900000000000;12;46.2193479378001
1.72000000000000;12;46.1253971072120
1.72100000000000;12;46.4788773275286
1.72200000000000;12;46.1818684051083
1.72300000000000;12;45.8128045373629
1.72400000000000;12;46.7083044793395
1.72500000000000;12;45.9498836877389
1.72600000000000;12;46.3460076328047
1.72700000000000;12;46.5720851978600
1.72800000000000;12;46.7102363272651
1.72900000000000;12;45.8308519519176
1.73000000000000;12;46.3689544907285
1.73100000000000;12;46.2193447378551
1.73200000000000;12;47.1137698993836
1.73300000000000;12;46.5519413984431
1.73400000000000;12;46.9427010029661
1.73500000000000;12;46.4743562844507
1.73600000000000;12;46.4938531072509
1.73700000000000;12;46.7469763841623
1.73800000000000;12;46.9862664965553
1.73900000000000;12;46.7020175639090
1.74000000000000;12;46.8489053502220
1.74100000000000;12;47.0621985903618
1.74200000000000;12;46.7112677897857
1.74300000000000;12;46.3122954595035
1.74400000000000;12;46.8003957715742
1.74500000000000;12;46.3261299848725
1.74600000000000;12;46.9211340946693
1.74700000000000;12;47.1884246952747
1.74800000000000;12;46.9796693884327
1.74900000000000;12;46.9186668963447
1.75000000000000;12;47.2791354738352
1.75100000000000;12;46.6689379543689
1.75200000000000;12;47.0814283300030
1.75300000000000;12;46.6139070090585
1.75400000000000;12;46.9102479143016
1.75500000000000;12;46.7948166661647
1.75600000000000;12;46.5944414170639
1.75700000000000;12;46.5787820198643
1.75800000000000;12;47.2843585406895
1.75900000000000;12;47.2422067676278
1.76000000000000;12;46.5754899985148
1.76100000000000;12;47.0750353028257
1.76200000000000;12;46.9233092779472
1.76300000000000;12;47.3811941720724
1.76400000000000;12;46.9257481569124
1.76500000000000;12;46.9465161057130
1.76600000000000;12;47.2214641214280
1.76700000000000;12;47.0879278898489
1.76800000000000;12;47.0725454735063
1.76900000000000;12;46.7892173905895
1.77000000000000;12;46.6531616089656
1.77100000000000;12;47.5650296039808
1.77200000000000;12;47.0771772232240
1.77300000000000;12;46.6729750476764
1.77400000000000;12;47.3328949921407
1.77500000000000;12;47.9369265624736
1.77600000000000;12;47.3518740358500
1.77700000000000;12;47.5178644141034
1.77800000000000;12;47.3692244631356
1.77900000000000;12;47.4427227821304
1.78000000000000;12;47.4391801658791
1.78100000000000;12;47.3438461955813
1.78200000000000;12;47.0170585079135
1.78300000000000;12;47.7201618120215
1.78400000000000;12;47.1273301407256
1.78500000000000;12;47.6976122345664
1.78600000000000;12;47.6614840920756
1.78700000000000;12;47.3636734325819
1.78800000000000;12;47.7988918404952
1.78900000000000;12;47.6189632099280
1.79000000000000;12;47.6281201949697
1.79100000000000;12;47.1571341893738
1.79200000000000;12;47.5350828044393
1.79300000000000;12;47.2149491792240
1.79400000000000;12;47.8427142740092
1.79500000000000;12;47.3019273575346
1.79600000000000;12;47.6568190763159
1.79700000000000;12;47.6251009982124
1.79800000000000;12;47.6977442675563
1.79900000000000;12;47.4217798456368
1.80000000000000;12;48.0217490901129
1.80100000000000;12;47.4688150491020
1.80200000000000;12;47.6061544589608
1.80300000000000;12;48.1162294114667
1.80400000000000;12;47.1990266428228
1.80500000000000;12;47.2524977940683
1.80600000000000;12;47.8423521855756
1.80700000000000;12;48.1995335059491
1.80800000000000;12;47.3456050432151
1.80900000000000;12;47.7545736969321
1.81000000000000;12;47.8777130574874
1.81100000000000;12;47.6799504379611
1.81200000000000;12;47.1615774293270
1.81300000000000;12;47.8501898151852
1.81400000000000;12;47.4347839130098
1.81500000000000;12;47.9727970328816
1.81600000000000;12;48.3037735159802
1.81700000000000;12;47.5487305681150
1.81800000000000;12;48.1803564484114
1.81900000000000;12;47.5587538843941
1.82000000000000;12;47.1755173167015
1.82100000000000;12;48.0866341573687
1.82200000000000;12;47.4549960638033
1.82300000000000;12;48.7506848107405
1.82400000000000;12;48.0111087993569
1.82500000000000;12;47.7089265703258
1.82600000000000;12;47.8223928845422
1.82700000000000;12;47.3684545232644
1.82800000000000;12;48.0651008186079
1.82900000000000;12;47.9042097584831
1.83000000000000;12;47.6683032697938
1.83100000000000;12;47.6796831784210
1.83200000000000;12;48.2675467259322
1.83300000000000;12;48.3121235203495
1.83400000000000;12;47.6269575815154
1.83500000000000;12;48.3394309359162
1.83600000000000;12;48.0058230658391
1.83700000000000;12;48.2626718135448
1.83800000000000;12;48.3960526850899
1.83900000000000;12;48.0968027172741
1.84000000000000;12;48.2361079098007
1.84100000000000;12;48.1192199883422
1.84200000000000;12;48.1966011269903
1.84300000000000;12;48.4069103771999
1.84400000000000;12;47.7195871830899
1.84500000000000;12;47.7376257692978
1.84600000000000;12;47.8239833962111
1.84700000000000;12;48.2862138015822
1.84800000000000;12;48.3082681618878
1.84900000000000;12;48.4763816530772
1.85000000000000;12;48.0584785226071
1.85100000000000;12;48.3338982237812
1.85200000000000;12;48.4163466642246
1.85300000000000;12;48.4897845962356
1.85400000000000;12;48.7740120338333
1.85500000000000;12;48.3350422105729
1.85600000000000;12;48.1691864576794
1.85700000000000;12;48.3266542952223
1.85800000000000;12;48.6875504564721
1.85900000000000;12;48.9508027799422
1.86000000000000;12;48.3874615012704
1.86100000000000;12;48.3689299275949
1.86200000000000;12;48.5467649088947
1.86300000000000;12;48.4769199628275
1.86400000000000;12;48.4647407847993
1.86500000000000;12;49.0528334421173
1.86600000000000;12;48.5253700677160
1.86700000000000;12;48.4109268333149
1.86800000000000;12;48.3570582116972
1.86900000000000;12;48.0558694585065
1.87000000000000;12;48.2795757886774
1.87100000000000;12;48.1486899439614
1.87200000000000;12;48.4933684140328
1.87300000000000;12;48.5000757769973
1.87400000000000;12;48.7016787311889
1.87500000000000;12;49.4043761717674
1.87600000000000;12;48.5768426025914
1.87700000000000;12;48.3313068368440
1.87800000000000;12;48.3436315129469
1.87900000000000;12;48.4279215165515
1.88000000000000;12;49.0189481586682
1.88100000000000;12;48.5815089630267
1.88200000000000;12;48.7933312737538
1.88300000000000;12;48.6803306771527
1.88400000000000;12;49.1796455139445
1.88500000000000;12;48.4436651689735
1.88600000000000;12;48.0969620598194
1.88700000000000;12;49.0058607093292
1.88800000000000;12;49.1624706929137
1.88900000000000;12;49.3961846223220
1.89000000000000;12;48.7230118430995
1.89100000000000;12;48.9429420510341
1.89200000000000;12;48.6927127560019
1.89300000000000;12;48.8006881698470
1.89400000000000;12;49.1042409633268
1.89500000000000;12;48.6341015186315
1.89600000000000;12;49.1497340404744
1.89700000000000;12;49.3250336797233
1.89800000000000;12;48.9722557939402
1.89900000000000;12;49.2904300382277
1.90000000000000;12;48.3977453310519
1.90100000000000;12;48.7008846091386
1.90200000000000;12;48.8924134657060
1.90300000000000;12;48.6458451735438
1.90400000000000;12;49.2005706707809
1.90500000000000;12;49.0293917025872
1.90600000000000;12;49.0768133228623
1.90700000000000;12;48.6106167166355
1.90800000000000;12;48.8260212178738
1.90900000000000;12;49.0857768400893
1.91000000000000;12;48.8553825242149
1.91100000000000;12;48.8115186936993
1.91200000000000;12;48.5248188495740
1.91300000000000;12;49.0623428104180
1.91400000000000;12;49.2875452038502
1.91500000000000;12;48.8798387027663
1.91600000000000;12;49.1125798216821
1.91700000000000;12;49.0175756586122
1.91800000000000;12;48.9524888282162
1.91900000000000;12;49.2772940664901
1.92000000000000;12;49.2393323808261
1.92100000000000;12;49.0624467198674
1.92200000000000;12;48.8065994130185
1.92300000000000;12;48.8626602373395
1.92400000000000;12;48.9939884336185
1.92500000000000;12;49.2262764796516
1.92600000000000;12;49.7764002535436
1.92700000000000;12;49.0957582514904
1.92800000000000;12;48.6466791695855
1.92900000000000;12;49.0346085543998
1.93000000000000;12;48.6288817214282
1.93100000000000;12;48.7643095296141
1.93200000000000;12;49.5766980624610
1.93300000000000;12;48.7267316922124
1.93400000000000;12;49.0613074877041
1.93500000000000;12;49.8891680619444
1.93600000000000;12;49.0493938692487
1.93700000000000;12;49.1341105738747
1.93800000000000;12;49.1923161425227
1.93900000000000;12;49.8292054097115
1.94000000000000;12;49.4936438718758
1.94100000000000;12;49.3861507149014
1.94200000000000;12;49.4299154486052
1.94300000000000;12;49.1374995988324
1.94400000000000;12;49.0193002294583
1.94500000000000;12;49.2374515490264
1.94600000000000;12;49.1769621814962
1.94700000000000;12;49.2314271995874
1.94800000000000;12;49.3926136934329
1.94900000000000;12;48.6793683475983
1.95000000000000;12;49.3824297670323
1.95100000000000;12;49.5403772198052
1.95200000000000;12;49.0819689727241
1.95300000000000;12;49.5232066732549
1.95400000000000;12;49.8343173179628
1.95500000000000;12;48.6449883479250
1.95600000000000;12;49.3050934236724
1.95700000000000;12;49.8253812145621
1.95800000000000;12;49.2630864079834
1.95900000000000;12;48.9108633475844
1.96000000000000;12;49.5038981178204
1.96100000000000;12;49.5184802243856
1.96200000000000;12;49.6134408566115
1.96300000000000;12;49.6148415300713
1.96400000000000;12;49.4250358384510
1.96500000000000;12;49.2869882839123
1.96600000000000;12;49.1957793943963
1.96700000000000;12;49.2097804327023
1.96800000000000;12;49.1176347356363
1.96900000000000;12;49.7365792974406
1.97000000000000;12;49.6959653040725
1.97100000000000;12;49.2892603855630
1.97200000000000;12;49.4240383289818
1.97300000000000;12;48.8575451460660
1.97400000000000;12;49.2026823819085
1.97500000000000;12;49.0992283956521
1.97600000000000;12;48.7105180797721
1.97700000000000;12;49.0787348753230
1.97800000000000;12;49.5222592090645
1.97900000000000;12;49.7783552796496
1.98000000000000;12;48.9706408364115
1.98100000000000;12;49.2689005381478
1.98200000000000;12;49.4727499765291
1.98300000000000;12;49.7186067513698
1.98400000000000;12;49.7170643448721
1.98500000000000;12;49.5048772002333
1.98600000000000;12;49.1931906999468
1.98700000000000;12;50.0409877863242
1.98800000000000;12;49.6996202971022
1.98900000000000;12;50.0192226772487
1.99000000000000;12;49.5404227514923
1.99100000000000;12;49.3832799665186
1.99200000000000;12;49.5670939874431
1.99300000000000;12;49.8219749090434
1.99400000000000;12;49.6705632279142
1.99500000000000;12;49.2638687604540
1.99600000000000;12;49.7561944984921
1.99700000000000;12;49.3981129684901
1.99800000000000;12;49.5723726946935
1.99900000000000;12;49.5912494883577
2;12;49.5816277129501
2.00100000000000;12;50.1172720376037
2.00200000000000;12;49.8940989789081
2.00300000000000;12;49.2685357898899
2.00400000000000;12;50.2081727176587
2.00500000000000;12;49.9854236277223
2.00600000000000;12;49.2192625671766
2.00700000000000;12;50.1324382704021
2.00800000000000;12;50.1583061063680
2.00900000000000;12;48.9603825270551
2.01000000000000;12;49.9491271166380
2.01100000000000;12;49.9603162603401
2.01200000000000;12;50.2399377941304
2.01300000000000;12;49.6122932295374
2.01400000000000;12;50.5497146779255
2.01500000000000;12;50.0649314088362
2.01600000000000;12;49.2940129581639
2.01700000000000;12;49.5536141856912
2.01800000000000;12;49.6406983092372
2.01900000000000;12;49.3756630555909
2.02000000000000;12;49.7536007613647
2.02100000000000;12;50.0425765376361
2.02200000000000;12;49.6322874916194
2.02300000000000;12;49.4588422452703
2.02400000000000;12;49.9712374060474
2.02500000000000;12;49.7667979510907
2.02600000000000;12;50.1838489468307
2.02700000000000;12;50.0924040592570
2.02800000000000;12;50.2735832391782
2.02900000000000;12;49.8815399420900
2.03000000000000;12;50.0195076472201
2.03100000000000;12;49.8263939471050
2.03200000000000;12;50.1965915331466
2.03300000000000;12;49.3675357305405
2.03400000000000;12;49.5835736601810
2.03500000000000;12;49.4859070338093
2.03600000000000;12;50.1418744927251
2.03700000000000;12;49.6593582167405
2.03800000000000;12;49.9969566505963
2.03900000000000;12;49.4203271234176
2.04000000000000;12;50.5707599519817
2.04100000000000;12;49.4799644003707
2.04200000000000;12;49.6788446536567
2.04300000000000;12;49.6107230573837
2.04400000000000;12;49.7162656024982
2.04500000000000;12;49.8632255197475
2.04600000000000;12;50.1673792830539
2.04700000000000;12;49.2246788999898
2.04800000000000;12;50.3547365186085
2.04900000000000;12;50.1977976206511
2.05000000000000;12;49.8011138160806
2.05100000000000;12;49.6390389214771
2.05200000000000;12;50.0442236198726
2.05300000000000;12;49.8156717940517
2.05400000000000;12;49.9175136513618
2.05500000000000;12;49.8639941206477
2.05600000000000;12;50.5525098946693
2.05700000000000;12;49.9247590722547
2.05800000000000;12;50.1757754258197
2.05900000000000;12;49.8833349211625
2.06000000000000;12;50.4444748319776
2.06100000000000;12;50.5741834900863
2.06200000000000;12;50.2347829489179
2.06300000000000;12;50.4458276466667
2.06400000000000;12;50.5080165053002
2.06500000000000;12;49.8920780222840
2.06600000000000;12;50.5065522391145
2.06700000000000;12;50.5302959550950
2.06800000000000;12;49.4171799201675
2.06900000000000;12;50.4863975322723
2.07000000000000;12;49.9155967616042
2.07100000000000;12;50.2227761625159
2.07200000000000;12;50.6725001859355
2.07300000000000;12;50.4495131040193
2.07400000000000;12;50.1509124896933
2.07500000000000;12;50.3958053215027
2.07600000000000;12;50.1351402907442
2.07700000000000;12;50.3267410779023
2.07800000000000;12;50.1932420280693
2.07900000000000;12;50.4731579043312
2.08000000000000;12;50.4739211914217
2.08100000000000;12;50.4693954499602
2.08200000000000;12;49.8925162200989
2.08300000000000;12;50.8645171732734
2.08400000000000;12;50.6384743320787
2.08500000000000;12;50.4169757252041
2.08600000000000;12;50.3327734060630
2.08700000000000;12;50.1199592962040
2.08800000000000;12;49.4810114710607
2.08900000000000;12;50.4621174156780
2.09000000000000;12;50.0417315734441
2.09100000000000;12;50.6323821700770
2.09200000000000;12;49.8725160696031
2.09300000000000;12;50.4495461515383
2.09400000000000;12;49.9149607949437
2.09500000000000;12;50.6799903394081
2.09600000000000;12;49.6919743696569
2.09700000000000;12;50.3923202664148
2.09800000000000;12;50.0706268352591
2.09900000000000;12;50.9481305664065
2.10000000000000;12;49.6263662770383
2.10100000000000;12;49.8748887775486
2.10200000000000;12;50.4589637754981
2.10300000000000;12;50.6200777267738
2.10400000000000;12;50.1474203376460
2.10500000000000;12;49.8282237331852
2.10600000000000;12;50.4256116884861
2.10700000000000;12;49.6479770189787
2.10800000000000;12;50.9350987632866
2.10900000000000;12;50.3047598819456
2.11000000000000;12;50.8473021716197
2.11100000000000;12;50.5431989317574
2.11200000000000;12;49.6207632428167
2.11300000000000;12;50.8349666866797
2.11400000000000;12;49.8763254949504
2.11500000000000;12;50.6249280911595
2.11600000000000;12;49.7954581244596
2.11700000000000;12;50.0560067649013
2.11800000000000;12;50.2702216543733
2.11900000000000;12;50.7846967665302
2.12000000000000;12;50.2997738827034
2.12100000000000;12;50.2101056715994
2.12200000000000;12;50.5699527552042
2.12300000000000;12;50.4589183676089
2.12400000000000;12;51.2413250782783
2.12500000000000;12;50.9880266570188
2.12600000000000;12;50.2586185313840
2.12700000000000;12;50.9736212167681
2.12800000000000;12;50.5635559165109
2.12900000000000;12;50.5009176802487
2.13000000000000;12;50.5291148169116
2.13100000000000;12;50.8489943033914
2.13200000000000;12;50.4006563576638
2.13300000000000;12;50.4190100230074
2.13400000000000;12;50.3368278269560
2.13500000000000;12;50.6148761613775
2.13600000000000;12;50.6869895825358
2.13700000000000;12;50.5884028855945
2.13800000000000;12;50.3268259899858
2.13900000000000;12;50.4879938009186
2.14000000000000;12;50.1329369413507
2.14100000000000;12;50.4327321701318
2.14200000000000;12;50.5564827210792
2.14300000000000;12;51.0791400899546
2.14400000000000;12;50.7632390290503
2.14500000000000;12;50.5754923308954
2.14600000000000;12;50.5565384064707
2.14700000000000;12;50.8250846735888
2.14800000000000;12;50.2103065484648
2.14900000000000;12;50.3986720374091
2.15000000000000;12;51.0798220029317
2.15100000000000;12;50.1559158423698
2.15200000000000;12;50.8918764586370
2.15300000000000;12;50.1264024593626
2.15400000000000;12;50.1309105108509
2.15500000000000;12;50.2786239071533
2.15600000000000;12;50.3986645041823
2.15700000000000;12;50.2877104950867
2.15800000000000;12;50.9175057105780
2.15900000000000;12;50.4244371486565
2.16000000000000;12;50.4101985629397
2.16100000000000;12;50.6461038174117
2.16200000000000;12;50.7406906920646
2.16300000000000;12;51.4768887640411
2.16400000000000;12;50.5647979897508
2.16500000000000;12;50.8478857331848
2.16600000000000;12;50.4611925613193
2.16700000000000;12;50.8915248234011
2.16800000000000;12;51.1722215601412
2.16900000000000;12;50.9989267444790
2.17000000000000;12;50.7155090565501
2.17100000000000;12;51.5234316164435
2.17200000000000;12;51.0715049428983
2.17300000000000;12;51.2585899561929
2.17400000000000;12;50.5756555960225
2.17500000000000;12;50.6021576795845
2.17600000000000;12;50.7743869775630
2.17700000000000;12;50.7338821044007
2.17800000000000;12;51.1049518741118
2.17900000000000;12;50.4867911166337
2.18000000000000;12;51.2032810935036
2.18100000000000;12;51.0785079552081
2.18200000000000;12;51.2193636370752
2.18300000000000;12;50.1646261804973
2.18400000000000;12;50.8212305223295
2.18500000000000;12;50.7274935628980
2.18600000000000;12;50.5130730951297
2.18700000000000;12;50.8865862357752
2.18800000000000;12;50.5425211224547
2.18900000000000;12;50.5461344756985
2.19000000000000;12;51.0496314111766
2.19100000000000;12;50.3817946104289
2.19200000000000;12;50.9089944347841
2.19300000000000;12;50.8595897577425
2.19400000000000;12;51.2320237089219
2.19500000000000;12;51.3712745650164
2.19600000000000;12;50.4789041789771
2.19700000000000;12;51.2536715941323
2.19800000000000;12;50.7386912636718
2.19900000000000;12;51.0907703211559
2.20000000000000;12;50.2117832393973
2.20100000000000;12;51.6822053175561
2.20200000000000;12;50.8744116889532
2.20300000000000;12;50.6604686127567
2.20400000000000;12;50.6733647747401
2.20500000000000;12;51.2526268684937
2.20600000000000;12;51.2135267619642
2.20700000000000;12;51.1675000817200
2.20800000000000;12;50.6568544031163
2.20900000000000;12;50.5104222529782
2.21000000000000;12;50.7317150667664
2.21100000000000;12;51.4616318422253
2.21200000000000;12;50.8920680462371
2.21300000000000;12;50.6964270726231
2.21400000000000;12;50.4905619135920
2.21500000000000;12;50.8803760688259
2.21600000000000;12;50.6668160220108
2.21700000000000;12;50.6894765969686
2.21800000000000;12;51.0858184337346
2.21900000000000;12;51.0642005709273
2.22000000000000;12;50.6066952190884
2.22100000000000;12;50.7214149246922
2.22200000000000;12;51.1591926627039
2.22300000000000;12;50.9307001000559
2.22400000000000;12;50.7126939182872
2.22500000000000;12;51.5463971777299
2.22600000000000;12;51.4792371839243
2.22700000000000;12;51.2457829586305
2.22800000000000;12;50.5074848537340
2.22900000000000;12;50.7590959910013
2.23000000000000;12;51.1228307764964
2.23100000000000;12;50.8701008765153
2.23200000000000;12;50.6197541898618
2.23300000000000;12;51.4580011292448
2.23400000000000;12;50.3584347957056
2.23500000000000;12;50.5558508318555
2.23600000000000;12;51.3205349227765
2.23700000000000;12;51.0998323464467
2.23800000000000;12;51.1983497613969
2.23900000000000;12;51.1404561655146
2.24000000000000;12;50.6057449672885
2.24100000000000;12;51.3708175241452
2.24200000000000;12;51.0943921342560
2.24300000000000;12;51.5536745302097
2.24400000000000;12;50.8536007066286
2.24500000000000;12;51.3341026574530
2.24600000000000;12;51.0338537925726
2.24700000000000;12;50.6971474324827
2.24800000000000;12;51.3112877885497
2.24900000000000;12;51.3743114380999
2.25000000000000;12;51.1528495372202
2.25100000000000;12;51.3211571626987
2.25200000000000;12;51.4943936864194
2.25300000000000;12;50.5482663267928
2.25400000000000;12;50.7879916076618
2.25500000000000;12;50.9650505082980
2.25600000000000;12;51.4182561533409
2.25700000000000;12;51.0877244703536
2.25800000000000;12;50.8348401371194
2.25900000000000;12;51.0324935305445
2.26000000000000;12;51.3168300437413
2.26100000000000;12;51.1619277018362
2.26200000000000;12;51.2821243866001
2.26300000000000;12;50.9185681577149
2.26400000000000;12;51.1482704931628
2.26500000000000;12;51.4130170673531
2.26600000000000;12;51.5041462626292
2.26700000000000;12;50.3327264933097
2.26800000000000;12;51.0657002735328
2.26900000000000;12;50.9912660698101
2.27000000000000;12;51.5210338349145
2.27100000000000;12;50.8173730459772
2.27200000000000;12;51.1121241360062
2.27300000000000;12;51.0642216299172
2.27400000000000;12;50.9395107407161
2.27500000000000;12;51.1710733094111
2.27600000000000;12;51.0313156229932
2.27700000000000;12;50.9440888718391
2.27800000000000;12;51.2954111021662
2.27900000000000;12;51.0426571019897
2.28000000000000;12;51.3468411498132
2.28100000000000;12;51.1272936191740
2.28200000000000;12;51.0841057998180
2.28300000000000;12;51.5672379362271
2.28400000000000;12;51.2418637821644
2.28500000000000;12;51.2586300860537
2.28600000000000;12;50.8217600917265
2.28700000000000;12;51.2987453027338
2.28800000000000;12;51.0421982065168
2.28900000000000;12;51.3118654307972
2.29000000000000;12;51.0569555557122
2.29100000000000;12;51.3464316781108
2.29200000000000;12;51.3257108534488
2.29300000000000;12;51.2035938930815
2.29400000000000;12;51.0357140033279
2.29500000000000;12;51.4017747597597
2.29600000000000;12;51.2891274747644
2.29700000000000;12;51.4447148298497
2.29800000000000;12;51.3594718807088
2.29900000000000;12;51.6704318243475
2.30000000000000;12;51.0394767830681
2.30100000000000;12;50.6172258731320
2.30200000000000;12;51.5091665593634
2.30300000000000;12;51.3118700556548
2.30400000000000;12;51.3349760483140
2.30500000000000;12;50.6938906224656
2.30600000000000;12;51.0102932569026
2.30700000000000;12;50.2945644866922
2.30800000000000;12;51.0876574939300
2.30900000000000;12;50.9012422708766
2.31000000000000;12;51.1079068636539
2.31100000000000;12;51.2571964575934
2.31200000000000;12;51.1135788890037
2.31300000000000;12;51.0142806353755
2.31400000000000;12;51.1825530555836
2.31500000000000;12;51.0512758822455
2.31600000000000;12;50.3333262979118
2.31700000000000;12;51.3006783006671
2.31800000000000;12;51.7366519274404
2.31900000000000;12;50.3306431882763
2.32000000000000;12;51.5278320101767
2.32100000000000;12;51.1256602642367
2.32200000000000;12;51.3780540561797
2.32300000000000;12;51.1833506560421
2.32400000000000;12;51.2591160151094
2.32500000000000;12;51.5211765514601
2.32600000000000;12;51.2843122940339
2.32700000000000;12;51.0819898664453
2.32800000000000;12;50.9793468896325
2.32900000000000;12;51.5925631512428
2.33000000000000;12;51.1351778608610
2.33100000000000;12;51.7429001091949
2.33200000000000;12;51.0705371154860
2.33300000000000;12;51.0876129008140
2.33400000000000;12;51.3050179647002
2.33500000000000;12;51.1220329672670
2.33600000000000;12;51.2530844783196
2.33700000000000;12;51.4559981799333
2.33800000000000;12;50.9931804979000
2.33900000000000;12;51.6573097977159
2.34000000000000;12;50.9828271615824
2.34100000000000;12;51.3551244463277
2.34200000000000;12;51.1784593369598
2.34300000000000;12;51.7155727953832
2.34400000000000;12;51.6008954043788
2.34500000000000;12;51.1299083656358
2.34600000000000;12;51.1977239302379
2.34700000000000;12;51.3695234280792
2.34800000000000;12;50.7845321717443
2.34900000000000;12;51.2335211085935
2.35000000000000;12;51.5578066662580
2.35100000000000;12;51.0699998712464
2.35200000000000;12;51.8917683290519
2.35300000000000;12;51.3507804462806
2.35400000000000;12;51.1084277559772
2.35500000000000;12;52.0682695056102
2.35600000000000;12;50.9645345416658
2.35700000000000;12;51.7915374329215
2.35800000000000;12;51.2660407605796
2.35900000000000;12;51.6263850283649
2.36000000000000;12;51.4046170575663
2.36100000000000;12;51.0395376351574
2.36200000000000;12;51.7599599499807
2.36300000000000;12;51.2422290357615
2.36400000000000;12;51.2917483735813
2.36500000000000;12;50.9171584777301
2.36600000000000;12;51.6311082049584
2.36700000000000;12;51.6812362931364
2.36800000000000;12;51.3644426276678
2.36900000000000;12;51.8807919587826
2.37000000000000;12;51.3777032100064
2.37100000000000;12;51.4287038287632
2.37200000000000;12;51.5614938142658
2.37300000000000;12;50.8455812949474
2.37400000000000;12;51.4620186543982
2.37500000000000;12;51.3916408841076
2.37600000000000;12;51.1294004567277
2.37700000000000;12;51.7325063140720
2.37800000000000;12;51.5783753394501
2.37900000000000;12;51.1619310162253
2.38000000000000;12;52.0863266488030
2.38100000000000;12;51.0908999514837
2.38200000000000;12;50.8383253621717
2.38300000000000;12;51.8425006324626
2.38400000000000;12;51.7644901279873
2.38500000000000;12;51.4006914508010
2.38600000000000;12;51.4833575282244
2.38700000000000;12;51.7176743703742
2.38800000000000;12;51.8076086568417
2.38900000000000;12;51.5188731155095
2.39000000000000;12;51.9653409242503
2.39100000000000;12;50.8841524036303
2.39200000000000;12;50.9852133649079
2.39300000000000;12;51.1731956836747
2.39400000000000;12;51.6831060983270
2.39500000000000;12;51.4816635485364
2.39600000000000;12;51.4398714312841
2.39700000000000;12;51.2719198366448
2.39800000000000;12;50.8783746966455
2.39900000000000;12;51.2743598264243
2.40000000000000;12;51.5595249157385
2.40100000000000;12;51.5485700200355
2.40200000000000;12;51.4559956792745
2.40300000000000;12;51.2991729832695
2.40400000000000;12;51.7105063057247
2.40500000000000;12;51.2850472510122
2.40600000000000;12;51.4226012324844
2.40700000000000;12;51.6719623239608
2.40800000000000;12;51.1824464680308
2.40900000000000;12;51.5402812386878
2.41000000000000;12;51.0721457040868
2.41100000000000;12;51.4626433402766
2.41200000000000;12;51.1753639434883
2.41300000000000;12;51.6872809971835
2.41400000000000;12;51.2731853376214
2.41500000000000;12;50.9628831060390
2.41600000000000;12;51.3862492860189
2.41700000000000;12;51.3944124743474
2.41800000000000;12;51.4140812422837
2.41900000000000;12;51.7638748714400
2.42000000000000;12;51.3232317795864
2.42100000000000;12;51.7686771948525
2.42200000000000;12;51.6134456725985
2.42300000000000;12;50.6324320679032
2.42400000000000;12;51.2186304935280
2.42500000000000;12;51.5353694889331
2.42600000000000;12;51.4193358956685
2.42700000000000;12;51.3356260871721
2.42800000000000;12;51.8280736881452
2.42900000000000;12;52.0809352432283
2.43000000000000;12;51.1020575596983
2.43100000000000;12;51.5090361302278
2.43200000000000;12;51.6758732469591
2.43300000000000;12;51.8947617360992
2.43400000000000;12;51.2708957769617
2.43500000000000;12;51.7598891918913
2.43600000000000;12;51.5143200940472
2.43700000000000;12;51.7282366752309
2.43800000000000;12;51.6900008987667
2.43900000000000;12;51.3613555532306
2.44000000000000;12;51.7085451059441
2.44100000000000;12;51.0887506909178
2.44200000000000;12;51.6725089214313
2.44300000000000;12;51.9479633250103
2.44400000000000;12;51.6782740535345
2.44500000000000;12;50.8088881700393
2.44600000000000;12;51.3439184401963
2.44700000000000;12;51.4404883887330
2.44800000000000;12;51.3159863872946
2.44900000000000;12;51.1572818503108
2.45000000000000;12;51.8466991516265
2.45100000000000;12;51.4043297639670
2.45200000000000;12;51.5020178309074
2.45300000000000;12;52.0026494118380
2.45400000000000;12;51.5881449072679
2.45500000000000;12;50.7129756833280
2.45600000000000;12;51.2480519736872
2.45700000000000;12;51.5334325624279
2.45800000000000;12;51.4015851668503
2.45900000000000;12;51.9809241538087
2.46000000000000;12;51.3445302628359
2.46100000000000;12;51.4558658884925
2.46200000000000;12;51.2294657225248
2.46300000000000;12;51.3178963070957
2.46400000000000;12;51.4880505661188
2.46500000000000;12;51.5917490346504
2.46600000000000;12;51.4321810058759
2.46700000000000;12;51.2261709440923
2.46800000000000;12;51.5214141104013
2.46900000000000;12;51.6161556092788
2.47000000000000;12;51.2175356741912
2.47100000000000;12;51.0410821086528
2.47200000000000;12;51.6802223614662
2.47300000000000;12;52.0849815736269
2.47400000000000;12;51.2042631299057
2.47500000000000;12;50.8260019933813
2.47600000000000;12;51.8199007778962
2.47700000000000;12;51.7277654107089
2.47800000000000;12;50.8351288372780
2.47900000000000;12;51.3561808780871
2.48000000000000;12;51.8137426871788
2.48100000000000;12;51.5393854758925
2.48200000000000;12;51.2188584376117
2.48300000000000;12;51.1634124875654
2.48400000000000;12;51.9369641606018
2.48500000000000;12;51.5837555563590
2.48600000000000;12;51.5221125714158
2.48700000000000;12;51.3693171653994
2.48800000000000;12;51.8982888581867
2.48900000000000;12;52.3142819953945
2.49000000000000;12;51.4476720325069
2.49100000000000;12;51.2321374779858
2.49200000000000;12;51.4979727189062
2.49300000000000;12;51.9598949423832
2.49400000000000;12;51.5911003587086
2.49500000000000;12;51.7319225622285
2.49600000000000;12;51.8646589239338
2.49700000000000;12;51.6042734243964
2.49800000000000;12;52.0443001844192
2.49900000000000;12;51.5767734032946
2.50000000000000;12;51.7660256032810
2.50100000000000;12;51.7038985241405
2.50200000000000;12;51.5378813034728
2.50300000000000;12;52.0025912246533
2.50400000000000;12;51.5892138855776
2.50500000000000;12;52.0593298199332
2.50600000000000;12;51.6085980538498
2.50700000000000;12;51.8993625920891
2.50800000000000;12;51.4243296175931
2.50900000000000;12;51.8632759722779
2.51000000000000;12;51.7475081781722
2.51100000000000;12;51.2083534402903
2.51200000000000;12;52.0035166772726
2.51300000000000;12;51.4086894201961
2.51400000000000;12;52.0826694449131
2.51500000000000;12;51.5659527454269
2.51600000000000;12;51.0825608105641
2.51700000000000;12;51.4720336059505
2.51800000000000;12;51.7835703323043
2.51900000000000;12;51.7242334480190
2.52000000000000;12;51.5946848876704
2.52100000000000;12;51.6360015266166
2.52200000000000;12;51.3374976393960
2.52300000000000;12;51.0433970857864
2.52400000000000;12;51.4820119130344
2.52500000000000;12;52.1080584926486
2.52600000000000;12;51.3037518913555
2.52700000000000;12;51.7177474216387
2.52800000000000;12;52.6954998139521
2.52900000000000;12;51.7751687405896
2.53000000000000;12;51.7578712397451
2.53100000000000;12;51.3121169189051
2.53200000000000;12;51.8081970703367
2.53300000000000;12;52.3282694567337
2.53400000000000;12;51.5352789410682
2.53500000000000;12;52.1064845071584
2.53600000000000;12;52.1204627837517
2.53700000000000;12;52.1288330566278
2.53800000000000;12;51.8422896690226
2.53900000000000;12;52.0638832363835
2.54000000000000;12;51.2239105435724
2.54100000000000;12;51.8674625790173
2.54200000000000;12;52.4084908468791
2.54300000000000;12;51.2703354725965
2.54400000000000;12;51.9467372438275
2.54500000000000;12;52.3539568707380
2.54600000000000;12;51.3556786678219
2.54700000000000;12;51.5773528754883
2.54800000000000;12;51.6418996290420
2.54900000000000;12;51.5480732191219
2.55000000000000;12;51.8729331613381
2.55100000000000;12;51.4872637235952
2.55200000000000;12;51.2725314869932
2.55300000000000;12;51.3967446013150
2.55400000000000;12;52.1216902562806
2.55500000000000;12;51.7274451653838
2.55600000000000;12;52.2163697213793
2.55700000000000;12;51.8821134477184
2.55800000000000;12;51.6274476886847
2.55900000000000;12;51.9644821173948
2.56000000000000;12;51.7379959331848
2.56100000000000;12;51.6811644471811
2.56200000000000;12;51.3707353935820
2.56300000000000;12;51.9717211462568
2.56400000000000;12;51.8275590039659
2.56500000000000;12;51.9283290346734
2.56600000000000;12;51.9860986712482
2.56700000000000;12;51.7566571835288
2.56800000000000;12;51.8630117079247
2.56900000000000;12;51.6892196015924
2.57000000000000;12;51.7800155000738
2.57100000000000;12;51.5361360788480
2.57200000000000;12;51.3242898564331
2.57300000000000;12;52.0960286537413
2.57400000000000;12;52.0677690763042
2.57500000000000;12;51.7506333208249
2.57600000000000;12;52.0359232762831
2.57700000000000;12;52.2616652726520
2.57800000000000;12;51.8112712510932
2.57900000000000;12;51.7905127086576
2.58000000000000;12;51.4327954272766
2.58100000000000;12;51.7519288531537
2.58200000000000;12;50.9266206585256
2.58300000000000;12;51.9927425838455
2.58400000000000;12;51.8683670927867
2.58500000000000;12;52.1625363339664
2.58600000000000;12;52.0859542463443
2.58700000000000;12;51.7127553383634
2.58800000000000;12;51.7489981876381
2.58900000000000;12;51.8414814686464
2.59000000000000;12;51.2869548829452
2.59100000000000;12;51.5332206682603
2.59200000000000;12;51.7948284758582
2.59300000000000;12;51.6739766304879
2.59400000000000;12;51.9346521520726
2.59500000000000;12;52.3192246265666
2.59600000000000;12;51.1339041509666
2.59700000000000;12;51.7043654988032
2.59800000000000;12;51.4348183337993
2.59900000000000;12;52.0689509022821
2.60000000000000;12;52.1008254265310
2.60100000000000;12;52.1317389903291
2.60200000000000;12;51.4751568101311
2.60300000000000;12;51.5542581690899
2.60400000000000;12;51.9269796344907
2.60500000000000;12;51.9931213183550
2.60600000000000;12;51.3765231285195
2.60700000000000;12;51.6203257367798
2.60800000000000;12;51.9976009077814
2.60900000000000;12;52.1065769389829
2.61000000000000;12;51.7484675732769
2.61100000000000;12;51.5965634889338
2.61200000000000;12;51.3484983656866
2.61300000000000;12;51.3902984308395
2.61400000000000;12;51.9730120635912
2.61500000000000;12;51.5366033879997
2.61600000000000;12;52.1090782643421
2.61700000000000;12;51.4105496885920
2.61800000000000;12;52.2231276181364
2.61900000000000;12;51.7645975984726
2.62000000000000;12;51.6571581687277
2.62100000000000;12;51.9195181396683
2.62200000000000;12;52.2316494692772
2.62300000000000;12;52.1634373684695
2.62400000000000;12;51.9508613424448
2.62500000000000;12;51.6180758276193
2.62600000000000;12;51.7613571306012
2.62700000000000;12;51.4979319257917
2.62800000000000;12;52.0171374673640
2.62900000000000;12;52.1866920376573
2.63000000000000;12;51.9118781610766
2.63100000000000;12;52.0491474720015
2.63200000000000;12;51.5285445805690
2.63300000000000;12;52.1132636263127
2.63400000000000;12;52.2928122155245
2.63500000000000;12;51.9485006773570
2.63600000000000;12;52.2990536091884
2.63700000000000;12;51.5613159655801
2.63800000000000;12;51.8014250421779
2.63900000000000;12;51.8088214665986
2.64000000000000;12;52.3324018130727
2.64100000000000;12;51.7713131412107
2.64200000000000;12;52.0148788285229
2.64300000000000;12;51.7534585019843
2.64400000000000;12;51.6814746516361
2.64500000000000;12;51.9990106932700
2.64600000000000;12;51.9417552007601
2.64700000000000;12;51.5946586363654
2.64800000000000;12;51.8338368537682
2.64900000000000;12;52.2223291988765
2.65000000000000;12;51.6824215318691
2.65100000000000;12;51.8235153721998
2.65200000000000;12;51.3605124055565
2.65300000000000;12;51.8972579946356
2.65400000000000;12;51.6558770137830
2.65500000000000;12;51.9631909924657
2.65600000000000;12;51.9516456818211
2.65700000000000;12;51.9375355959535
2.65800000000000;12;51.5887943497951
2.65900000000000;12;52.0300841314411
2.66000000000000;12;51.9984402362579
2.66100000000000;12;51.4694175981979
2.66200000000000;12;51.5067281527223
2.66300000000000;12;51.4813636794078
2.66400000000000;12;52.3373363244947
2.66500000000000;12;51.4709274539671
2.66600000000000;12;52.2245748901933
2.66700000000000;12;51.6041754292636
2.66800000000000;12;51.9637509330694
2.66900000000000;12;51.6577688615283
2.67000000000000;12;51.4918117644469
2.67100000000000;12;52.1559119237806
2.67200000000000;12;51.4614334536286
2.67300000000000;12;51.8574285014709
2.67400000000000;12;51.7181571926148
2.67500000000000;12;52.2597032998004
2.67600000000000;12;51.6239540967372
2.67700000000000;12;51.4948402171567
2.67800000000000;12;51.8360710706496
2.67900000000000;12;51.9299635743610
2.68000000000000;12;52.1159163292536
2.68100000000000;12;51.9000628492810
2.68200000000000;12;51.7485804970139
2.68300000000000;12;52.0836273078003
2.68400000000000;12;52.2036768472559
2.68500000000000;12;52.2256760885418
2.68600000000000;12;52.1424753718254
2.68700000000000;12;51.5533639877831
2.68800000000000;12;51.7261599548467
2.68900000000000;12;51.7434862228341
2.69000000000000;12;51.5807406641441
2.69100000000000;12;51.8064290771496
2.69200000000000;12;51.0293068610115
2.69300000000000;12;51.3991826955751
2.69400000000000;12;51.5943402159862
2.69500000000000;12;51.9518304379534
2.69600000000000;12;52.2055556106518
2.69700000000000;12;51.6296580372891
2.69800000000000;12;51.5709290400904
2.69900000000000;12;51.6209636967373
2.70000000000000;12;52.5046620495011
2.70100000000000;12;52.1069078527742
2.70200000000000;12;51.4765931494330
2.70300000000000;12;52.0859744537087
2.70400000000000;12;51.5315485907937
2.70500000000000;12;52.3796161003186
2.70600000000000;12;51.7457413851474
2.70700000000000;12;52.4960498564429
2.70800000000000;12;51.5592531778870
2.70900000000000;12;51.7564672089842
2.71000000000000;12;51.4829172984174
2.71100000000000;12;52.0118756686760
2.71200000000000;12;51.5586210368157
2.71300000000000;12;51.5995790955447
2.71400000000000;12;51.2860072958194
2.71500000000000;12;51.9121323515639
2.71600000000000;12;52.3748586875439
2.71700000000000;12;51.7550886479192
2.71800000000000;12;51.2297255572056
2.71900000000000;12;51.6606694341957
2.72000000000000;12;51.3969492328156
2.72100000000000;12;51.9344600983627
2.72200000000000;12;51.8169558299530
2.72300000000000;12;51.4591383934329
2.72400000000000;12;51.9350985828911
2.72500000000000;12;52.4077622860919
2.72600000000000;12;51.5951295784009
2.72700000000000;12;51.7784911060200
2.72800000000000;12;51.8194472449377
2.72900000000000;12;52.1299618488143
2.73000000000000;12;51.5312618022587
2.73100000000000;12;52.4168585851132
2.73200000000000;12;51.9018097016868
2.73300000000000;12;51.7277227480654
2.73400000000000;12;52.2135151726509
2.73500000000000;12;52.0625948028869
2.73600000000000;12;52.0048253128476
2.73700000000000;12;51.9688537794023
2.73800000000000;12;51.8133967338847
2.73900000000000;12;51.4969674463985
2.74000000000000;12;52.3481749901127
2.74100000000000;12;51.9937501677480
2.74200000000000;12;52.0381739386481
2.74300000000000;12;51.3248485065988
2.74400000000000;12;51.7090762811747
2.74500000000000;12;51.5284760065784
2.74600000000000;12;51.5010651016386
2.74700000000000;12;52.3382200668839
2.74800000000000;12;52.0723868624529
2.74900000000000;12;52.1793057469859
2.75000000000000;12;52.4771169888715
2.75100000000000;12;52.1103901774030
2.75200000000000;12;51.9081121558877
2.75300000000000;12;52.0475646828622
2.75400000000000;12;51.6100192653895
2.75500000000000;12;51.9711094257993
2.75600000000000;12;51.5230088717173
2.75700000000000;12;51.8467066414883
2.75800000000000;12;52.0067361334191
2.75900000000000;12;51.6467429329861
2.76000000000000;12;51.7237506856427
2.76100000000000;12;51.8763060375861
2.76200000000000;12;51.8306473381763
2.76300000000000;12;51.7225150267217
2.76400000000000;12;52.0003093012652
2.76500000000000;12;51.8916449413820
2.76600000000000;12;52.2386441892210
2.76700000000000;12;52.0905609869588
2.76800000000000;12;52.3477689780199
2.76900000000000;12;51.4585290983699
2.77000000000000;12;51.6320263947409
2.77100000000000;12;52.6059312013574
2.77200000000000;12;51.6461751082931
2.77300000000000;12;51.7789691761226
2.77400000000000;12;51.2493463158012
2.77500000000000;12;51.7836844606137
2.77600000000000;12;51.5622706112703
2.77700000000000;12;52.2444857041028
2.77800000000000;12;52.7125712688533
2.77900000000000;12;51.9817610631585
2.78000000000000;12;52.0000770319053
2.78100000000000;12;52.1579911977034
2.78200000000000;12;51.8790481770933
2.78300000000000;12;51.9132887366817
2.78400000000000;12;51.7138423930577
2.78500000000000;12;51.8308867408885
2.78600000000000;12;52.3450510623291
2.78700000000000;12;52.1538363037181
2.78800000000000;12;51.9425745660460
2.78900000000000;12;51.7139302488001
2.79000000000000;12;52.0598900162269
2.79100000000000;12;51.7071679920175
2.79200000000000;12;51.3371166325819
2.79300000000000;12;51.8961559994358
2.79400000000000;12;52.0355602291048
2.79500000000000;12;51.8097703665756
2.79600000000000;12;51.4061576323066
2.79700000000000;12;51.9473941622504
2.79800000000000;12;52.2910651062082
2.79900000000000;12;51.5606388075638
2.80000000000000;12;51.8299207528171
2.80100000000000;12;51.6271191489880
2.80200000000000;12;52.3213822622283
2.80300000000000;12;52.0803296920268
2.80400000000000;12;51.6991071051935
2.80500000000000;12;51.8115105799248
2.80600000000000;12;51.6965235342932
2.80700000000000;12;52.1377599187068
2.80800000000000;12;52.2217245504929
2.80900000000000;12;52.2651468575932
2.81000000000000;12;51.9952462610785
2.81100000000000;12;51.8463857382047
2.81200000000000;12;51.7397862927656
2.81300000000000;12;52.0576519116036
2.81400000000000;12;51.8890901136671
2.81500000000000;12;51.9096175935975
2.81600000000000;12;51.8176302185904
2.81700000000000;12;52.1396612847071
2.81800000000000;12;51.5972235521377
2.81900000000000;12;52.4733918257441
2.82000000000000;12;52.2516828970540
2.82100000000000;12;52.0508525701459
2.82200000000000;12;51.5815081074834
2.82300000000000;12;51.9374762255891
2.82400000000000;12;51.2491532710188
2.82500000000000;12;51.9429358608707
2.82600000000000;12;51.9914592351432
2.82700000000000;12;52.7606327537973
2.82800000000000;12;51.7805423174859
2.82900000000000;12;52.2514771890981
2.83000000000000;12;52.1121523081758
2.83100000000000;12;52.2373960144303
2.83200000000000;12;52.2823369534266
2.83300000000000;12;52.1061640531088
2.83400000000000;12;51.9960703514228
2.83500000000000;12;51.6960929797066
2.83600000000000;12;51.9599179872043
2.83700000000000;12;51.9143311749376
2.83800000000000;12;52.0800026133599
2.83900000000000;12;52.2190812067668
2.84000000000000;12;52.1688088398724
2.84100000000000;12;51.8341303201421
2.84200000000000;12;51.7371877968354
2.84300000000000;12;51.7342212170518
2.84400000000000;12;51.6606983250654
2.84500000000000;12;52.0645982573485
2.84600000000000;12;51.9733251586583
2.84700000000000;12;52.1230595992495
2.84800000000000;12;51.2908293977200
2.84900000000000;12;52.3710143872202
2.85000000000000;12;52.4441719730280
2.85100000000000;12;52.0008864409912
2.85200000000000;12;51.6335486293958
2.85300000000000;12;52.3476485916294
2.85400000000000;12;51.8880880767190
2.85500000000000;12;51.9548776738886
2.85600000000000;12;52.2006011119904
2.85700000000000;12;51.7783657136993
2.85800000000000;12;52.1319920660403
2.85900000000000;12;51.6274743642065
2.86000000000000;12;52.1444773691060
2.86100000000000;12;52.0829898812995
2.86200000000000;12;52.0765466313315
2.86300000000000;12;52.0055990834689
2.86400000000000;12;52.2838070175522
2.86500000000000;12;51.7698461374719
2.86600000000000;12;52.1683662840568
2.86700000000000;12;52.2103905771388
2.86800000000000;12;51.7883730654923
2.86900000000000;12;52.5852006846592
2.87000000000000;12;51.7757841971663
2.87100000000000;12;52.1178166469288
2.87200000000000;12;51.7126843437398
2.87300000000000;12;51.9390361234044
2.87400000000000;12;52.1585134961281
2.87500000000000;12;52.0951873030424
2.87600000000000;12;52.0285965297929
2.87700000000000;12;52.1360459552600
2.87800000000000;12;51.0312865768210
2.87900000000000;12;52.1671021330261
2.88000000000000;12;51.3817570140645
2.88100000000000;12;51.8261400123898
2.88200000000000;12;51.8747475495491
2.88300000000000;12;51.3916864380702
2.88400000000000;12;52.1879592996141
2.88500000000000;12;52.1547820488388
2.88600000000000;12;51.7347617181903
2.88700000000000;12;52.4747692933100
2.88800000000000;12;52.0763815942337
2.88900000000000;12;52.1491254994304
2.89000000000000;12;52.0522376398530
2.89100000000000;12;52.2005202016898
2.89200000000000;12;52.0438927531988
2.89300000000000;12;52.1440473428320
2.89400000000000;12;51.7334874595423
2.89500000000000;12;51.9678471355752
2.89600000000000;12;51.6069589098821
2.89700000000000;12;51.3812780862772
2.89800000000000;12;52.0999444493573
2.89900000000000;12;51.4334812843174
2.90000000000000;12;51.8619032614956
2.90100000000000;12;51.9836780791496
2.90200000000000;12;52.1485234654993
2.90300000000000;12;51.8797954586574
2.90400000000000;12;51.7539684336639
2.90500000000000;12;52.1536623768655
2.90600000000000;12;51.9512143367077
2.90700000000000;12;51.7620316259322
2.90800000000000;12;51.5349051111503
2.90900000000000;12;51.9674711842899
2.91000000000000;12;52.1332242907428
2.91100000000000;12;52.4200865686288
2.91200000000000;12;52.3094282107001
2.91300000000000;12;52.0052738382332
2.91400000000000;12;52.3969969771111
2.91500000000000;12;52.2058179238957
2.91600000000000;12;52.1589972063377
2.91700000000000;12;52.3672193310920
2.91800000000000;12;51.6272024373151
2.91900000000000;12;52.0077922536846
2.92000000000000;12;52.0507198054787
2.92100000000000;12;51.7321739381257
2.92200000000000;12;51.8012009438004
2.92300000000000;12;51.7143031202611
2.92400000000000;12;51.8799332207178
2.92500000000000;12;52.1091569525094
2.92600000000000;12;51.5756575679686
2.92700000000000;12;52.3277724664165
2.92800000000000;12;52.2179502278761
2.92900000000000;12;52.0572863768933
2.93000000000000;12;51.8030500416424
2.93100000000000;12;52.3442715877723
2.93200000000000;12;52.0236237904592
2.93300000000000;12;52.3737595032650
2.93400000000000;12;51.5146206733398
2.93500000000000;12;51.7247185971981
2.93600000000000;12;51.4451360941264
2.93700000000000;12;52.4233658600995
2.93800000000000;12;51.9710798045064
2.93900000000000;12;51.4002695380675
2.94000000000000;12;51.4452561912551
2.94100000000000;12;52.0683242319513
2.94200000000000;12;52.4590959084696
2.94300000000000;12;51.5575098586034
2.94400000000000;12;52.1294957356884
2.94500000000000;12;51.7677251770449
2.94600000000000;12;51.9835439553146
2.94700000000000;12;51.9674754082277
2.94800000000000;12;52.0717880499358
2.94900000000000;12;51.8059117638293
2.95000000000000;12;52.2562795438221
2.95100000000000;12;52.1404444081813
2.95200000000000;12;52.1184424540154
2.95300000000000;12;52.2724205442150
2.95400000000000;12;52.7381982803429
2.95500000000000;12;52.3402919122147
2.95600000000000;12;51.8905675967637
2.95700000000000;12;52.1661247782697
2.95800000000000;12;51.1590635251275
2.95900000000000;12;51.9499328476912
2.96000000000000;12;52.2410651226620
2.96100000000000;12;51.5831843302063
2.96200000000000;12;52.6033540296637
2.96300000000000;12;52.1390673698617
2.96400000000000;12;51.7787900019059
2.96500000000000;12;51.7429059956337
2.96600000000000;12;52.2802843018276
2.96700000000000;12;52.1854748167739
2.96800000000000;12;52.0176665776884
2.96900000000000;12;52.1784160973997
2.97000000000000;12;52.1316774305290
2.97100000000000;12;52.1293643031163
2.97200000000000;12;52.4055797552075
2.97300000000000;12;52.2177534979509
2.97400000000000;12;52.1143925230714
2.97500000000000;12;51.9346506111318
2.97600000000000;12;51.5855957728262
2.97700000000000;12;52.2825761536640
2.97800000000000;12;52.2055120046953
2.97900000000000;12;52.5262113828060
2.98000000000000;12;51.7974097211077
2.98100000000000;12;52.3478017031242
2.98200000000000;12;52.4768661050084
2.98300000000000;12;52.0426850315749
2.98400000000000;12;52.6113680915560
2.98500000000000;12;52.3469041389117
2.98600000000000;12;52.4304246017809
2.98700000000000;12;52.3146997250188
2.98800000000000;12;52.0526378915197
2.98900000000000;12;52.0695190117063
2.99000000000000;12;51.9683946119196
2.99100000000000;12;52.3556115911254
2.99200000000000;12;52.0899383176600
2.99300000000000;12;52.5200099406408
2.99400000000000;12;51.6782826369302
2.99500000000000;12;51.8189359936237
2.99600000000000;12;51.7578027062110
2.99700000000000;12;52.5134652646949
2.99800000000000;12;52.3043417165294
2.99900000000000;12;52.0228602299089
3;12;51.7125781083261
3.00100000000000;12;51.4789304535611
3.00200000000000;12;52.3538716723005
3.00300000000000;12;52.0656342366327
3.00400000000000;12;51.8339089394829
3.00500000000000;12;51.9342065846545
3.00600000000000;12;51.6591401764651
3.00700000000000;12;52.1574682852613
3.00800000000000;12;52.0841585450859
3.00900000000000;12;52.5684908266083
3.01000000000000;12;52.3936083263377
3.01100000000000;12;52.1970779323753
3.01200000000000;12;51.5030151088608
3.01300000000000;12;52.5935942357202
3.01400000000000;12;51.9284784743885
3.01500000000000;12;52.0914583796675
3.01600000000000;12;52.2687594976898
3.01700000000000;12;51.8509936035082
3.01800000000000;12;52.1012347311570
3.01900000000000;12;52.0149617403621
3.02000000000000;12;51.6961967190325
3.02100000000000;12;51.6577470943947
3.02200000000000;12;52.0728973172350
3.02300000000000;12;51.9343909979965
3.02400000000000;12;51.8994873963903
3.02500000000000;12;51.7722759939445
3.02600000000000;12;52.0849625020169
3.02700000000000;12;52.1570181135611
3.02800000000000;12;52.7368947154235
3.02900000000000;12;52.4349341396465
3.03000000000000;12;51.8864823593716
3.03100000000000;12;51.7953459674005
3.03200000000000;12;52.2658463657188
3.03300000000000;12;51.6575564824659
3.03400000000000;12;51.9193502216093
3.03500000000000;12;52.1952881294758
3.03600000000000;12;52.4255372592269
3.03700000000000;12;51.9278268187721
3.03800000000000;12;52.1973651221229
3.03900000000000;12;52.0115323853662
3.04000000000000;12;52.0965045462228
3.04100000000000;12;52.1349204889933
3.04200000000000;12;51.7359576184443
3.04300000000000;12;52.6784611640803
3.04400000000000;12;52.0786813798941
3.04500000000000;12;52.3876689989316
3.04600000000000;12;51.6461238977538
3.04700000000000;12;51.6921150297759
3.04800000000000;12;52.8471192646626
3.04900000000000;12;52.3337262766889
3.05000000000000;12;51.4028513715614
3.05100000000000;12;52.1103060475995
3.05200000000000;12;52.1955440753152
3.05300000000000;12;52.2838783267912
3.05400000000000;12;51.8795754061302
3.05500000000000;12;51.7388700401353
3.05600000000000;12;51.9149817583822
3.05700000000000;12;52.0585623634964
3.05800000000000;12;52.0441893392272
3.05900000000000;12;52.0902601726241
3.06000000000000;12;52.0660090089246
3.06100000000000;12;52.0506234267725
3.06200000000000;12;51.8445419748537
3.06300000000000;12;52.0757547682077
3.06400000000000;12;51.6994078011982
3.06500000000000;12;51.8408032863192
3.06600000000000;12;52.1032180251923
3.06700000000000;12;52.2484596275654
3.06800000000000;12;52.8313004232409
3.06900000000000;12;52.3620125471516
3.07000000000000;12;52.1628729599392
3.07100000000000;12;52.4255485150227
3.07200000000000;12;52.1729653016683
3.07300000000000;12;51.9300937897839
3.07400000000000;12;51.9563704936329
3.07500000000000;12;52.1767925743854
3.07600000000000;12;52.0315483596662
3.07700000000000;12;51.8280764857860
3.07800000000000;12;52.3974451935721
3.07900000000000;12;52.0383297786431
3.08000000000000;12;51.7534092534656
3.08100000000000;12;52.0684004211078
3.08200000000000;12;52.3566377176105
3.08300000000000;12;52.7669478132620
3.08400000000000;12;51.6003171161492
3.08500000000000;12;52.2348493601804
3.08600000000000;12;52.2541696586283
3.08700000000000;12;52.1074496416293
3.08800000000000;12;51.5115369656451
3.08900000000000;12;52.3057176049856
3.09000000000000;12;52.1615809261097
3.09100000000000;12;52.1099172665516
3.09200000000000;12;51.6253302991725
3.09300000000000;12;51.8835728259043
3.09400000000000;12;52.2790816489910
3.09500000000000;12;51.7472969548943
3.09600000000000;12;52.1424492358216
3.09700000000000;12;51.6732568031724
3.09800000000000;12;52.1390746012076
3.09900000000000;12;52.1901522520889
3.10000000000000;12;51.7553203611537
3.10100000000000;12;51.6587930959633
3.10200000000000;12;52.1169305024836
3.10300000000000;12;52.2148059601504
3.10400000000000;12;51.9867657184601
3.10500000000000;12;51.6812280387955
3.10600000000000;12;51.9619931222681
3.10700000000000;12;52.8657525143768
3.10800000000000;12;52.0127683321599
3.10900000000000;12;51.8334673590476
3.11000000000000;12;52.6071399471475
3.11100000000000;12;52.0758724862938
3.11200000000000;12;52.4682048190172
3.11300000000000;12;52.0421128549714
3.11400000000000;12;52.2804669597984
3.11500000000000;12;51.5345845962454
3.11600000000000;12;52.3234735739732
3.11700000000000;12;52.2042168217976
3.11800000000000;12;52.2010877411930
3.11900000000000;12;52.0438820122362
3.12000000000000;12;51.8676125197501
3.12100000000000;12;52.2664158064888
3.12200000000000;12;51.7690183024833
3.12300000000000;12;52.1385699766288
3.12400000000000;12;52.3529901440909
3.12500000000000;12;52.4805509236104
3.12600000000000;12;52.5368206460414
3.12700000000000;12;51.6867466712156
3.12800000000000;12;51.9868065050625
3.12900000000000;12;52.3076586362403
3.13000000000000;12;52.5347684442252
3.13100000000000;12;52.3321896485906
3.13200000000000;12;52.2666710392337
3.13300000000000;12;52.3528876761031
3.13400000000000;12;51.7590891036372
3.13500000000000;12;52.0158621831798
3.13600000000000;12;52.2194464934398
3.13700000000000;12;51.6915671513501
3.13800000000000;12;51.7245952681272
3.13900000000000;12;52.1263052493647
3.14000000000000;12;52.2485567146707
3.14100000000000;12;52.6383664708571
3.14200000000000;12;52.1471117427412
3.14300000000000;12;51.8038416952682
3.14400000000000;12;52.1342015258523
3.14500000000000;12;52.4704030296022
3.14600000000000;12;52.6273974466111
3.14700000000000;12;51.7708716707095
3.14800000000000;12;51.3879131916523
3.14900000000000;12;52.0660290023585
3.15000000000000;12;52.0478383288239
3.15100000000000;12;52.1647203187442
3.15200000000000;12;52.4832292898777
3.15300000000000;12;52.6597331379201
3.15400000000000;12;52.3315539276466
3.15500000000000;12;51.8917016056046
3.15600000000000;12;52.3398765118395
3.15700000000000;12;52.0524013401440
3.15800000000000;12;52.1750906796792
3.15900000000000;12;52.2837159040079
3.16000000000000;12;51.7913118557330
3.16100000000000;12;51.6862812223635
3.16200000000000;12;51.6891370307321
3.16300000000000;12;52.0841474546118
3.16400000000000;12;52.1256792187006
3.16500000000000;12;52.3594678135773
3.16600000000000;12;51.7976249131012
3.16700000000000;12;52.2505949825106
3.16800000000000;12;52.4843804446826
3.16900000000000;12;52.0504827771088
3.17000000000000;12;52.3069170246461
3.17100000000000;12;52.3164467616433
3.17200000000000;12;52.1324638149454
3.17300000000000;12;52.0633461544720
3.17400000000000;12;52.0850347121798
3.17500000000000;12;52.2432882570549
3.17600000000000;12;51.4616623654180
3.17700000000000;12;52.0742053404957
3.17800000000000;12;51.7237535770793
3.17900000000000;12;52.4716280052224
3.18000000000000;12;51.6533162893911
3.18100000000000;12;52.4107515195579
3.18200000000000;12;52.0675256192502
3.18300000000000;12;52.5199851823668
3.18400000000000;12;52.0098653184597
3.18500000000000;12;51.9217883523107
3.18600000000000;12;52.1426675444690
3.18700000000000;12;52.4592873457421
3.18800000000000;12;52.1261359655710
3.18900000000000;12;51.7952348448280
3.19000000000000;12;51.6403995494130
3.19100000000000;12;52.1038747338614
3.19200000000000;12;51.9054798676819
3.19300000000000;12;52.1755795092869
3.19400000000000;12;51.9402125325022
3.19500000000000;12;52.4594201751728
3.19600000000000;12;52.0801523304480
3.19700000000000;12;52.6257958523228
3.19800000000000;12;52.3987513803856
3.19900000000000;12;52.2651643232910
3.20000000000000;12;52.2887214091108
3.20100000000000;12;52.0677281860715
3.20200000000000;12;52.4256077831520
3.20300000000000;12;52.0664043818827
3.20400000000000;12;52.1240858268047
3.20500000000000;12;52.4669559154138
3.20600000000000;12;51.8045155519479
3.20700000000000;12;51.7564005296846
3.20800000000000;12;52.4089890622178
3.20900000000000;12;52.0569016637844
3.21000000000000;12;52.1390812729053
3.21100000000000;12;52.0622250177741
3.21200000000000;12;51.9774204381113
3.21300000000000;12;51.8348928950875
3.21400000000000;12;52.3104169399607
3.21500000000000;12;52.5964305203843
3.21600000000000;12;52.1351901148073
3.21700000000000;12;51.7106673979403
3.21800000000000;12;52.3138456298422
3.21900000000000;12;52.4456354859856
3.22000000000000;12;52.2563855909340
3.22100000000000;12;52.3994921088790
3.22200000000000;12;52.3930525841561
3.22300000000000;12;52.1964605405312
3.22400000000000;12;52.2246128507886
3.22500000000000;12;52.6659912003667
3.22600000000000;12;52.2516133349499
3.22700000000000;12;51.8576627588310
3.22800000000000;12;52.4264181702010
3.22900000000000;12;52.0305633625450
3.23000000000000;12;52.0937229527860
3.23100000000000;12;51.9608095490650
3.23200000000000;12;51.9585799642858
3.23300000000000;12;52.1372292545277
3.23400000000000;12;52.5206820410654
3.23500000000000;12;52.2167388755771
3.23600000000000;12;52.6206992566468
3.23700000000000;12;52.1001301382613
3.23800000000000;12;51.7276198925754
3.23900000000000;12;52.5120415680861
3.24000000000000;12;52.1312607694582
3.24100000000000;12;52.0677137021996
3.24200000000000;12;52.2935358599416
3.24300000000000;12;51.9524614276367
3.24400000000000;12;51.9226685836863
3.24500000000000;12;52.4737276150959
3.24600000000000;12;51.7938566676053
3.24700000000000;12;51.8099072561438
3.24800000000000;12;52.0294134454408
3.24900000000000;12;52.1595739074914
3.25000000000000;12;52.5204004678001
3.25100000000000;12;52.7172474236539
3.25200000000000;12;52.1585436633272
3.25300000000000;12;51.9939832814484
3.25400000000000;12;52.0272930456857
3.25500000000000;12;52.1119262577851
3.25600000000000;12;51.1935172582835
3.25700000000000;12;52.4575619453630
3.25800000000000;12;51.6535501389180
3.25900000000000;12;52.0055663791249
3.26000000000000;12;51.9812509050107
3.26100000000000;12;52.1426166514695
3.26200000000000;12;52.2306045186386
3.26300000000000;12;52.2824135596087
3.26400000000000;12;51.6391406876075
3.26500000000000;12;51.7408721475502
3.26600000000000;12;51.5984218318294
3.26700000000000;12;52.0630545102902
3.26800000000000;12;51.8140187984647
3.26900000000000;12;52.2945443914824
3.27000000000000;12;51.7078677657593
3.27100000000000;12;51.5527818256416
3.27200000000000;12;52.5072057897884
3.27300000000000;12;51.9495505015166
3.27400000000000;12;52.1687320548324
3.27500000000000;12;52.1268041772272
3.27600000000000;12;52.8366416754916
3.27700000000000;12;51.6056389225449
3.27800000000000;12;51.9653025525653
3.27900000000000;12;52.4918475037965
3.28000000000000;12;52.2405761646564
3.28100000000000;12;51.8768756823582
3.28200000000000;12;51.6602456455354
3.28300000000000;12;51.5531933686960
3.28400000000000;12;52.3562192513798
3.28500000000000;12;52.4336359819012
3.28600000000000;12;52.4632228821352
3.28700000000000;12;52.0938240944099
3.28800000000000;12;52.0269457711501
3.28900000000000;12;52.4580039991619
3.29000000000000;12;51.6791053463397
3.29100000000000;12;51.8375614961788
3.29200000000000;12;52.6816045795161
3.29300000000000;12;52.3039358613616
3.29400000000000;12;52.2538181702438
3.29500000000000;12;52.5676444332767
3.29600000000000;12;52.0866104291451
3.29700000000000;12;52.7083923331286
3.29800000000000;12;52.1675011285749
3.29900000000000;12;52.4318160010414
3.30000000000000;12;52.2163798402660
3.30100000000000;12;52.8212307510883
3.30200000000000;12;52.0164431660059
3.30300000000000;12;51.7601179803351
3.30400000000000;12;51.6707922227147
3.30500000000000;12;52.1616866806817
3.30600000000000;12;52.2741775353121
3.30700000000000;12;52.0619457946856
3.30800000000000;12;52.4162787446332
3.30900000000000;12;51.9805103031699
3.31000000000000;12;51.8292698779214
3.31100000000000;12;52.1645831062496
3.31200000000000;12;52.0106189682637
3.31300000000000;12;52.0710099464004
3.31400000000000;12;51.9011084882972
3.31500000000000;12;52.3904244858860
3.31600000000000;12;52.0979316524942
3.31700000000000;12;52.1564676054503
3.31800000000000;12;51.4961659311718
3.31900000000000;12;51.5676230322577
3.32000000000000;12;52.5186202202441
3.32100000000000;12;52.3285084157393
3.32200000000000;12;52.2135472609690
3.32300000000000;12;52.1004710274814
3.32400000000000;12;51.7358554775676
3.32500000000000;12;52.3602466692282
3.32600000000000;12;51.9772531474820
3.32700000000000;12;52.4781741968242
3.32800000000000;12;52.3632183018490
3.32900000000000;12;52.1031350487254
3.33000000000000;12;52.4800002997636
3.33100000000000;12;52.1246403697775
3.33200000000000;12;51.8372170840314
3.33300000000000;12;52.0986109885093
3.33400000000000;12;52.0815963232697
3.33500000000000;12;52.5211376712882
3.33600000000000;12;52.6183087213453
3.33700000000000;12;52.1520203320702
3.33800000000000;12;52.0182342403081
3.33900000000000;12;51.9959500106924
3.34000000000000;12;52.2297696865488
3.34100000000000;12;52.6986636445785
3.34200000000000;12;51.8596546625235
3.34300000000000;12;52.4565617547734
3.34400000000000;12;52.1540661712385
3.34500000000000;12;52.6215404602964
3.34600000000000;12;52.2463378701702
3.34700000000000;12;52.3472787350019
3.34800000000000;12;52.5528824911480
3.34900000000000;12;51.8449264967638
3.35000000000000;12;51.9263023803151
3.35100000000000;12;52.1221433984398
3.35200000000000;12;52.2646517612075
3.35300000000000;12;52.3808720210499
3.35400000000000;12;51.9787928132543
3.35500000000000;12;52.1297457252008
3.35600000000000;12;52.4626418329758
3.35700000000000;12;52.0026393317459
3.35800000000000;12;52.2788745609402
3.35900000000000;12;52.1748852980333
3.36000000000000;12;52.1015689032787
3.36100000000000;12;52.3083892446855
3.36200000000000;12;52.4109428229685
3.36300000000000;12;52.1731061825565
3.36400000000000;12;52.3590443725346
3.36500000000000;12;52.4128869413592
3.36600000000000;12;51.6000125635145
3.36700000000000;12;52.0995715860262
3.36800000000000;12;52.3291809412968
3.36900000000000;12;51.9662718196229
3.37000000000000;12;52.2735781751220
3.37100000000000;12;51.6643430525560
3.37200000000000;12;52.0566712408823
3.37300000000000;12;52.2055373936445
3.37400000000000;12;51.8207135927582
3.37500000000000;12;52.0825207210163
3.37600000000000;12;52.7442859049357
3.37700000000000;12;51.8124438109485
3.37800000000000;12;52.6421494168302
3.37900000000000;12;51.9593029428834
3.38000000000000;12;52.6877989731069
3.38100000000000;12;52.4801843362346
3.38200000000000;12;52.1414735117124
3.38300000000000;12;52.4041640848199
3.38400000000000;12;52.2317881245348
3.38500000000000;12;52.0050244092192
3.38600000000000;12;52.0553490814777
3.38700000000000;12;51.7836784325482
3.38800000000000;12;52.3226986422862
3.38900000000000;12;52.2102003885571
3.39000000000000;12;52.7785936349566
3.39100000000000;12;52.2815033343458
3.39200000000000;12;52.0794981671336
3.39300000000000;12;51.8639323763384
3.39400000000000;12;52.2745654498424
3.39500000000000;12;52.2028446704040
3.39600000000000;12;52.6380632639345
3.39700000000000;12;52.1617072296421
3.39800000000000;12;51.9816507752257
3.39900000000000;12;52.0193170829756
3.40000000000000;12;51.9487061530777
3.40100000000000;12;52.1897927044107
3.40200000000000;12;52.8055982729373
3.40300000000000;12;52.3050362580263
3.40400000000000;12;51.9251595041868
3.40500000000000;12;52.1821959874955
3.40600000000000;12;52.3434568706036
3.40700000000000;12;52.2703754440269
3.40800000000000;12;52.2616299364439
3.40900000000000;12;52.1358648281362
3.41000000000000;12;52.2529343096343
3.41100000000000;12;52.4508548604803
3.41200000000000;12;51.7511854383039
3.41300000000000;12;52.3623458379740
3.41400000000000;12;52.3172413257143
3.41500000000000;12;51.7185324346202
3.41600000000000;12;51.7956512443969
3.41700000000000;12;51.9154773101539
3.41800000000000;12;52.7680254188543
3.41900000000000;12;52.3842605674785
3.42000000000000;12;52.2619937063524
3.42100000000000;12;52.2299208781697
3.42200000000000;12;51.9305587936503
3.42300000000000;12;51.9875574509637
3.42400000000000;12;52.4222492160236
3.42500000000000;12;51.7596332237384
3.42600000000000;12;51.8232314007057
3.42700000000000;12;51.6089882758816
3.42800000000000;12;52.1474618941333
3.42900000000000;12;51.7312790450810
3.43000000000000;12;52.3227814047587
3.43100000000000;12;51.6806289957403
3.43200000000000;12;52.2128564940353
3.43300000000000;12;52.2595656321025
3.43400000000000;12;52.2947540577296
3.43500000000000;12;51.7805841298804
3.43600000000000;12;52.3638000104574
3.43700000000000;12;51.8277089662441
3.43800000000000;12;52.3475280703109
3.43900000000000;12;52.0208850901309
3.44000000000000;12;52.1680815661131
3.44100000000000;12;52.2657630074149
3.44200000000000;12;52.1745566507790
3.44300000000000;12;51.9350765770568
3.44400000000000;12;51.9396489282625
3.44500000000000;12;52.0501947137436
3.44600000000000;12;51.5349502990624
3.44700000000000;12;51.3573641937296
3.44800000000000;12;52.2666014118998
3.44900000000000;12;52.0794258323940
3.45000000000000;12;52.2523151673446
3.45100000000000;12;52.5356784157898
3.45200000000000;12;52.3447580852855
3.45300000000000;12;51.9796504114009
3.45400000000000;12;51.6528278628808
3.45500000000000;12;51.9501638200740
3.45600000000000;12;52.0744512580907
3.45700000000000;12;52.1460059394612
3.45800000000000;12;51.9991173392798
3.45900000000000;12;52.1784391313143
3.46000000000000;12;52.4294686218316
3.46100000000000;12;52.3113958620066
3.46200000000000;12;52.1808646106002
3.46300000000000;12;51.9462354130930
3.46400000000000;12;51.9928008710270
3.46500000000000;12;51.7187736581512
3.46600000000000;12;52.6567913826809
3.46700000000000;12;51.9443539813872
3.46800000000000;12;52.0213059976476
3.46900000000000;12;52.3657444305293
3.47000000000000;12;52.1545041832865
3.47100000000000;12;52.4574013749563
3.47200000000000;12;51.3252031602125
3.47300000000000;12;52.7546340660858
3.47400000000000;12;52.2535258282658
3.47500000000000;12;52.4090167715874
3.47600000000000;12;52.4977130337706
3.47700000000000;12;51.5323231058756
3.47800000000000;12;52.0446753173929
3.47900000000000;12;52.1614478130426
3.48000000000000;12;51.6644324854187
3.48100000000000;12;52.2980738158490
3.48200000000000;12;51.8266182811989
3.48300000000000;12;52.4428531375335
3.48400000000000;12;51.8078187913071
3.48500000000000;12;52.3896798841561
3.48600000000000;12;52.1609306119379
3.48700000000000;12;52.1430345615787
3.48800000000000;12;52.1252118093182
3.48900000000000;12;52.0478849603426
3.49000000000000;12;52.0639225579449
3.49100000000000;12;52.3764672698430
3.49200000000000;12;52.4428410337559
3.49300000000000;12;51.8276078863477
3.49400000000000;12;52.2001019249978
3.49500000000000;12;52.0717452554541
3.49600000000000;12;51.9636114724380
3.49700000000000;12;52.4747375245087
3.49800000000000;12;52.1017306134440
3.49900000000000;12;52.0086947097897
3.50000000000000;12;51.7405054917463
3.50100000000000;12;52.0639029414994
3.50200000000000;12;51.9632770150430
3.50300000000000;12;51.9578341441576
3.50400000000000;12;52.8000939013665
3.50500000000000;12;52.3545127755457
3.50600000000000;12;52.4913647104809
3.50700000000000;12;52.2107275130062
3.50800000000000;12;52.0542547508531
3.50900000000000;12;52.4678459219141
3.51000000000000;12;52.1671117110906
3.51100000000000;12;51.7909667131705
3.51200000000000;12;52.5907454365876
3.51300000000000;12;52.3873158541656
3.51400000000000;12;52.2323820327285
3.51500000000000;12;52.2813800778181
3.51600000000000;12;52.3221036089654
3.51700000000000;12;52.1035678588051
3.51800000000000;12;52.5546786471965
3.51900000000000;12;51.8621209786948
3.52000000000000;12;52.2235763469067
3.52100000000000;12;52.5271363785349
3.52200000000000;12;52.2421369277587
3.52300000000000;12;51.7287950342677
3.52400000000000;12;52.3272689696743
3.52500000000000;12;52.3041877043039
3.52600000000000;12;52.2142217257784
3.52700000000000;12;52.3127441155144
3.52800000000000;12;52.0029132389388
3.52900000000000;12;52.7894011442579
3.53000000000000;12;52.1414844845951
3.53100000000000;12;51.8873443361730
3.53200000000000;12;52.0543677935406
3.53300000000000;12;52.7078409164964
3.53400000000000;12;52.2387419615814
3.53500000000000;12;52.2686092635264
3.53600000000000;12;51.6656899013734
3.53700000000000;12;52.3910612833108
3.53800000000000;12;52.1223859416710
3.53900000000000;12;52.1390381552566
3.54000000000000;12;52.2841553917033
3.54100000000000;12;52.7095958363501
3.54200000000000;12;51.9966744923536
3.54300000000000;12;52.3317174592696
3.54400000000000;12;52.1100636536200
3.54500000000000;12;52.2477611232483
3.54600000000000;12;52.2792749560927
3.54700000000000;12;52.6092779222379
3.54800000000000;12;51.8676774191449
3.54900000000000;12;52.1755379994518
3.55000000000000;12;52.2015400507545
3.55100000000000;12;52.6029900763520
3.55200000000000;12;52.2914020636577
3.55300000000000;12;52.3220048177634
3.55400000000000;12;52.3661201527090
3.55500000000000;12;52.0213530684644
3.55600000000000;12;52.0325730239028
3.55700000000000;12;51.6132040103877
3.55800000000000;12;52.5406904176227
3.55900000000000;12;52.4890872444771
3.56000000000000;12;52.1855203478676
3.56100000000000;12;52.0712493880317
3.56200000000000;12;52.2032437638452
3.56300000000000;12;52.5866571811746
3.56400000000000;12;52.2080972232167
3.56500000000000;12;52.1623346693772
3.56600000000000;12;51.9346087414515
3.56700000000000;12;52.6444103049114
3.56800000000000;12;51.6402159584903
3.56900000000000;12;52.6030381688695
3.57000000000000;12;52.0551141148700
3.57100000000000;12;52.6487691590041
3.57200000000000;12;51.9694772659608
3.57300000000000;12;52.6338630553146
3.57400000000000;12;52.0088351341459
3.57500000000000;12;52.1786784429737
3.57600000000000;12;52.1351603710685
3.57700000000000;12;52.1711495352834
3.57800000000000;12;52.2366109616398
3.57900000000000;12;51.7396209590707
3.58000000000000;12;52.1959409383043
3.58100000000000;12;51.8367045943904
3.58200000000000;12;51.8213425085090
3.58300000000000;12;52.1841767104612
3.58400000000000;12;52.2019703370612
3.58500000000000;12;52.0539527410906
3.58600000000000;12;51.9416805357121
3.58700000000000;12;52.2651768065964
3.58800000000000;12;52.1285293915896
3.58900000000000;12;52.3993701857779
3.59000000000000;12;52.7230753018031
3.59100000000000;12;52.0786548266627
3.59200000000000;12;52.2245364721211
3.59300000000000;12;52.2052160925429
3.59400000000000;12;52.0093196419578
3.59500000000000;12;51.6797589394601
3.59600000000000;12;51.8565041484395
3.59700000000000;12;52.1318724950004
3.59800000000000;12;51.3545810843176
3.59900000000000;12;52.2820716961116
3.60000000000000;12;51.8914874012070
3.60100000000000;12;52.3377260978970
3.60200000000000;12;52.0100617407836
3.60300000000000;12;51.9392224805503
3.60400000000000;12;51.4891887551967
3.60500000000000;12;52.1273282366848
3.60600000000000;12;51.9882331485280
3.60700000000000;12;52.3123912010299
3.60800000000000;12;52.5817010955024
3.60900000000000;12;52.2904126498408
3.61000000000000;12;52.1387770202389
3.61100000000000;12;52.2016242053234
3.61200000000000;12;51.8338608482360
3.61300000000000;12;52.0146471039428
3.61400000000000;12;51.4447744012766
3.61500000000000;12;52.5970863317536
3.61600000000000;12;52.2174086376109
3.61700000000000;12;52.3395558820804
3.61800000000000;12;51.5234441880916
3.61900000000000;12;52.2105013154741
3.62000000000000;12;52.1273221607389
3.62100000000000;12;51.7617341676532
3.62200000000000;12;52.5814914737837
3.62300000000000;12;51.7566909721841
3.62400000000000;12;52.4103568504851
3.62500000000000;12;51.5939802789534
3.62600000000000;12;52.0024202002331
3.62700000000000;12;52.1811567393313
3.62800000000000;12;52.3859967838455
3.62900000000000;12;52.2103531275649
3.63000000000000;12;52.1000821062425
3.63100000000000;12;52.8515008690625
3.63200000000000;12;52.5124687755269
3.63300000000000;12;52.2919601383177
3.63400000000000;12;52.1073210363043
3.63500000000000;12;52.2113091614032
3.63600000000000;12;51.8908374182951
3.63700000000000;12;52.1623672227101
3.63800000000000;12;52.1442228475467
3.63900000000000;12;52.2573166255149
3.64000000000000;12;51.8646535477300
3.64100000000000;12;52.1903233508417
3.64200000000000;12;52.2049901277994
3.64300000000000;12;52.0446053622697
3.64400000000000;12;51.5461484063046
3.64500000000000;12;51.9779155997866
3.64600000000000;12;52.4550424501025
3.64700000000000;12;52.1708712428199
3.64800000000000;12;51.8167698772896
3.64900000000000;12;51.7252524978790
3.65000000000000;12;52.1865379923455
3.65100000000000;12;52.6930839544650
3.65200000000000;12;52.4724579862086
3.65300000000000;12;52.3127118685272
3.65400000000000;12;52.1607614568470
3.65500000000000;12;51.5441160097993
3.65600000000000;12;52.5495306351054
3.65700000000000;12;52.5824160573333
3.65800000000000;12;52.0473751821497
3.65900000000000;12;52.9661482624661
3.66000000000000;12;51.8154686196236
3.66100000000000;12;52.1038753553402
3.66200000000000;12;52.2416809356097
3.66300000000000;12;52.1699736574386
3.66400000000000;12;52.2309902641584
3.66500000000000;12;51.7313943263454
3.66600000000000;12;52.2930752344838
3.66700000000000;12;52.3214777679777
3.66800000000000;12;51.9224606644373
3.66900000000000;12;52.2002949972873
3.67000000000000;12;52.4181222666210
3.67100000000000;12;52.1705967573733
3.67200000000000;12;52.7749058580649
3.67300000000000;12;52.5801670737827
3.67400000000000;12;52.4665824456367
3.67500000000000;12;51.9476166969989
3.67600000000000;12;52.0577682640414
3.67700000000000;12;51.8872314319458
3.67800000000000;12;52.6311609619234
3.67900000000000;12;52.6982775651629
3.68000000000000;12;52.0469592336938
3.68100000000000;12;51.9384335821941
3.68200000000000;12;52.1156917859066
3.68300000000000;12;51.9767265239024
3.68400000000000;12;52.2394297454685
3.68500000000000;12;52.5736980851821
3.68600000000000;12;52.1089720316726
3.68700000000000;12;52.0310755912728
3.68800000000000;12;51.9213653053394
3.68900000000000;12;52.3462571451781
3.69000000000000;12;52.1696943610187
3.69100000000000;12;52.3178048358148
3.69200000000000;12;51.7585035943582
3.69300000000000;12;51.9998330315202
3.69400000000000;12;52.4975308327276
3.69500000000000;12;52.2533705522149
3.69600000000000;12;52.2665398478732
3.69700000000000;12;52.5592662891422
3.69800000000000;12;51.9562899097195
3.69900000000000;12;52.1401851279530
3.70000000000000;12;52.0749442932591
3.70100000000000;12;52.1658603962035
3.70200000000000;12;52.2134950088078
3.70300000000000;12;52.2084530548717
3.70400000000000;12;51.9413958729127
3.70500000000000;12;52.4055587791099
3.70600000000000;12;52.3959667431435
3.70700000000000;12;52.2980440004887
3.70800000000000;12;52.6104441685132
3.70900000000000;12;52.1029160047858
3.71000000000000;12;51.9708791511317
3.71100000000000;12;52.2101882948407
3.71200000000000;12;52.2078396832209
3.71300000000000;12;52.3512140314309
3.71400000000000;12;52.0409765864062
3.71500000000000;12;52.3379772207325
3.71600000000000;12;51.9437814538633
3.71700000000000;12;52.3467361874031
3.71800000000000;12;51.9903864864328
3.71900000000000;12;51.5213149449089
3.72000000000000;12;52.2016148143874
3.72100000000000;12;52.6620810140562
3.72200000000000;12;51.9611605161954
3.72300000000000;12;52.3895060032538
3.72400000000000;12;52.2871360078238
3.72500000000000;12;52.1407527228897
3.72600000000000;12;52.1832963495581
3.72700000000000;12;52.0721488274970
3.72800000000000;12;52.5337774816730
3.72900000000000;12;52.5831440601655
3.73000000000000;12;52.3198982351402
3.73100000000000;12;51.6938779388409
3.73200000000000;12;52.1609601479363
3.73300000000000;12;51.9627179964779
3.73400000000000;12;52.6379655831138
3.73500000000000;12;52.2470285392539
3.73600000000000;12;52.2212768829756
3.73700000000000;12;52.5073388706503
3.73800000000000;12;52.1762483917738
3.73900000000000;12;51.6085069764023
3.74000000000000;12;52.1707946838051
3.74100000000000;12;51.9680956595132
3.74200000000000;12;51.6605840473229
3.74300000000000;12;51.5885654707736
3.74400000000000;12;51.2222164544721
3.74500000000000;12;51.9265224928473
3.74600000000000;12;52.2893985318440
3.74700000000000;12;51.9632159310904
3.74800000000000;12;52.2705829384535
3.74900000000000;12;52.6996136814356
3.75000000000000;12;52.2737338100886
3.75100000000000;12;52.3499031419536
3.75200000000000;12;51.8373893756030
3.75300000000000;12;51.6697800178336
3.75400000000000;12;52.1590381009740
3.75500000000000;12;52.1245113521890
3.75600000000000;12;51.9916866978746
3.75700000000000;12;51.9929858392335
3.75800000000000;12;51.7525920601977
3.75900000000000;12;52.4091526573247
3.76000000000000;12;52.3776180001967
3.76100000000000;12;52.0199566015239
3.76200000000000;12;51.6754514070914
3.76300000000000;12;52.2354018018719
3.76400000000000;12;51.9512130634826
3.76500000000000;12;52.0759199507423
3.76600000000000;12;51.5922834596560
3.76700000000000;12;52.3522898084680
3.76800000000000;12;51.8609908068410
3.76900000000000;12;51.8477477283943
3.77000000000000;12;51.8385881539470
3.77100000000000;12;52.2352273976874
3.77200000000000;12;52.2743062649957
3.77300000000000;12;52.1167051172626
3.77400000000000;12;51.9558072623309
3.77500000000000;12;51.7900169742468
3.77600000000000;12;52.5881376783242
3.77700000000000;12;51.5818774148841
3.77800000000000;12;52.6026955512709
3.77900000000000;12;52.5817837651447
3.78000000000000;12;52.2641574981733
3.78100000000000;12;52.6048887451389
3.78200000000000;12;52.7079365334147
3.78300000000000;12;52.3620176436863
3.78400000000000;12;52.1820161518914
3.78500000000000;12;51.9103634786515
3.78600000000000;12;52.3973446852573
3.78700000000000;12;52.3135196728649
3.78800000000000;12;52.1900993766693
3.78900000000000;12;52.0155578398083
3.79000000000000;12;52.3013320885746
3.79100000000000;12;52.6748772354055
3.79200000000000;12;52.4811130103340
3.79300000000000;12;52.1995159704355
3.79400000000000;12;53.0863337696760
3.79500000000000;12;52.5246562841907
3.79600000000000;12;51.7098346707570
3.79700000000000;12;52.3011967353583
3.79800000000000;12;52.5116287418212
3.79900000000000;12;51.8734029125346
3.80000000000000;12;52.1399261871122
3.80100000000000;12;52.0732610060155
3.80200000000000;12;51.8605618014700
3.80300000000000;12;52.5826146222857
3.80400000000000;12;52.2676956425707
3.80500000000000;12;52.1043340539528
3.80600000000000;12;52.3912641769618
3.80700000000000;12;52.4291700038225
3.80800000000000;12;52.2755514273590
3.80900000000000;12;51.3838583357057
3.81000000000000;12;52.3000693792868
3.81100000000000;12;52.2534769451961
3.81200000000000;12;53.0267146388574
3.81300000000000;12;52.8765482353734
3.81400000000000;12;52.0400173264955
3.81500000000000;12;52.2415379364105
3.81600000000000;12;52.0568491970131
3.81700000000000;12;51.6138528422993
3.81800000000000;12;52.7495884077450
3.81900000000000;12;52.1106386963781
3.82000000000000;12;51.9695764517341
3.82100000000000;12;52.3842031510665
3.82200000000000;12;52.2406123330026
3.82300000000000;12;52.6903738665602
3.82400000000000;12;52.3458697580408
3.82500000000000;12;51.6032807711628
3.82600000000000;12;51.9435809754459
3.82700000000000;12;52.2808778947990
3.82800000000000;12;52.2663216995331
3.82900000000000;12;52.3530323578955
3.83000000000000;12;51.8614556404865
3.83100000000000;12;52.3522869516841
3.83200000000000;12;52.3524003480161
3.83300000000000;12;52.6737952412741
3.83400000000000;12;52.0679336168987
3.83500000000000;12;52.0749761614804
3.83600000000000;12;52.0740590592982
3.83700000000000;12;52.1466143049594
3.83800000000000;12;52.3833917232582
3.83900000000000;12;51.8790727438542
3.84000000000000;12;52.2217521445664
3.84100000000000;12;51.8899909616534
3.84200000000000;12;52.0308907149007
3.84300000000000;12;52.3549860612305
3.84400000000000;12;52.1542213771941
3.84500000000000;12;52.3489689465099
3.84600000000000;12;52.1637366327761
3.84700000000000;12;51.7027424888382
3.84800000000000;12;52.0226320161631
3.84900000000000;12;52.0353296798316
3.85000000000000;12;52.1195271160681
3.85100000000000;12;51.7788821882290
3.85200000000000;12;51.7860208734732
3.85300000000000;12;51.8315594012309
3.85400000000000;12;51.8673579183391
3.85500000000000;12;51.8487625931504
3.85600000000000;12;52.0602901343599
3.85700000000000;12;51.9685917581066
3.85800000000000;12;51.9070527383144
3.85900000000000;12;52.1350275224780
3.86000000000000;12;51.9340944481581
3.86100000000000;12;52.3517609820443
3.86200000000000;12;51.7990610840893
3.86300000000000;12;52.1921939961176
3.86400000000000;12;52.4545845390386
3.86500000000000;12;52.1851345801719
3.86600000000000;12;52.0094705406897
3.86700000000000;12;52.3947851714244
3.86800000000000;12;52.0691951274014
3.86900000000000;12;52.0927574174173
3.87000000000000;12;51.5954072186095
3.87100000000000;12;52.1407415395229
3.87200000000000;12;51.7018288129742
3.87300000000000;12;52.1906894859417
3.87400000000000;12;52.2136439888299
3.87500000000000;12;52.4507150348745
3.87600000000000;12;51.7645493033496
3.87700000000000;12;52.0619896035967
3.87800000000000;12;52.3159024910309
3.87900000000000;12;52.0406022254658
3.88000000000000;12;51.8872754413352
3.88100000000000;12;52.2636409190278
3.88200000000000;12;51.8755114656996
3.88300000000000;12;52.3254803427285
3.88400000000000;12;52.6869485844347
3.88500000000000;12;52.2688753401058
3.88600000000000;12;52.3931398245831
3.88700000000000;12;52.0526932905925
3.88800000000000;12;51.8784665309534
3.88900000000000;12;52.0544042950027
3.89000000000000;12;52.5730244440968
3.89100000000000;12;52.4399288764046
3.89200000000000;12;52.5994915584448
3.89300000000000;12;51.8993285038408
3.89400000000000;12;52.0225775966176
3.89500000000000;12;52.2909357379056
3.89600000000000;12;51.7570792805449
3.89700000000000;12;51.9207412452804
3.89800000000000;12;51.9733884131525
3.89900000000000;12;52.1827431334189
3.90000000000000;12;52.1922893255277
3.90100000000000;12;52.5602764636716
3.90200000000000;12;51.8534808500715
3.90300000000000;12;52.2237185165059
3.90400000000000;12;52.0688807385187
3.90500000000000;12;51.8349107835382
3.90600000000000;12;52.9143924263755
3.90700000000000;12;52.6258692496936
3.90800000000000;12;52.1219673477238
3.90900000000000;12;52.1053188980423
3.91000000000000;12;51.7331814411298
3.91100000000000;12;52.2099854570087
3.91200000000000;12;51.9205670667422
3.91300000000000;12;51.9628036058043
3.91400000000000;12;52.1351477287549
3.91500000000000;12;51.7699436096176
3.91600000000000;12;51.7687006592198
3.91700000000000;12;51.7634605588901
3.91800000000000;12;52.1443777553781
3.91900000000000;12;51.8231872971906
3.92000000000000;12;52.6142650803460
3.92100000000000;12;51.7230136280142
3.92200000000000;12;52.2599345471097
3.92300000000000;12;51.8435145422961
3.92400000000000;12;51.7775271141205
3.92500000000000;12;51.7569502607346
3.92600000000000;12;51.6418765499018
3.92700000000000;12;52.6185555855004
3.92800000000000;12;52.3448288681951
3.92900000000000;12;52.1383369449114
3.93000000000000;12;52.4858981843627
3.93100000000000;12;52.2114131747986
3.93200000000000;12;52.2997816047312
3.93300000000000;12;52.2383610596770
3.93400000000000;12;51.7959419349381
3.93500000000000;12;52.7146202880345
3.93600000000000;12;52.0204881013281
3.93700000000000;12;52.4389763429124
3.93800000000000;12;51.8678700707047
3.93900000000000;12;52.3807558790656
3.94000000000000;12;51.8703462426105
3.94100000000000;12;51.7935912322058
3.94200000000000;12;51.8019305680659
3.94300000000000;12;51.9075988817358
3.94400000000000;12;52.1963995066426
3.94500000000000;12;51.8601631325200
3.94600000000000;12;51.9740017930230
3.94700000000000;12;52.1951424312621
3.94800000000000;12;52.5067876742321
3.94900000000000;12;51.6674841060696
3.95000000000000;12;52.1938694323893
3.95100000000000;12;51.9409931351181
3.95200000000000;12;51.9714651866386
3.95300000000000;12;52.2223769681657
3.95400000000000;12;52.5741051522665
3.95500000000000;12;51.6885355637869
3.95600000000000;12;52.3232347214868
3.95700000000000;12;52.6495328180158
3.95800000000000;12;52.2054585223748
3.95900000000000;12;51.8104631128041
3.96000000000000;12;51.6156282932534
3.96100000000000;12;52.5783765316031
3.96200000000000;12;52.1066003640529
3.96300000000000;12;51.6552282337962
3.96400000000000;12;52.2349724445355
3.96500000000000;12;52.0617105857797
3.96600000000000;12;52.5818756150402
3.96700000000000;12;52.4454934161204
3.96800000000000;12;52.7949171233618
3.96900000000000;12;51.7209435819076
3.97000000000000;12;51.9883579031668
3.97100000000000;12;51.3718915694101
3.97200000000000;12;52.2562324645539
3.97300000000000;12;52.4145166558082
3.97400000000000;12;52.5550120113590
3.97500000000000;12;51.9311876879551
3.97600000000000;12;52.7112859652445
3.97700000000000;12;52.1432627753224
3.97800000000000;12;52.2848551950321
3.97900000000000;12;51.3733460689131
3.98000000000000;12;52.1177686764500
3.98100000000000;12;52.1736090218748
3.98200000000000;12;51.7923902408116
3.98300000000000;12;51.7946686739757
3.98400000000000;12;52.0807653127133
3.98500000000000;12;52.3667695232742
3.98600000000000;12;52.5535348791461
3.98700000000000;12;51.8145239983334
3.98800000000000;12;51.8463318540490
3.98900000000000;12;51.8166883590955
3.99000000000000;12;51.7425477491294
3.99100000000000;12;51.3737253976818
3.99200000000000;12;52.5738016098130
3.99300000000000;12;52.4129519291788
3.99400000000000;12;51.9523211588074
3.99500000000000;12;52.1232241786700
3.99600000000000;12;52.2514261764375
3.99700000000000;12;52.0679022685869
3.99800000000000;12;52.1284880902603
3.99900000000000;12;52.3869141572262
4;12;52.1693637923980